branch_name,year,month,scheduled_date,category,gubun_raw,amount,info,status
워너비,2026,1,2026-01-01,landlord_rent,(고정) 월세,950000,,paid
워너비,2026,2,2026-02-01,landlord_rent,(고정) 월세,950000,,paid
워너비,2026,3,2026-03-01,landlord_rent,(고정) 월세,950000,,paid
워너비,2026,4,2026-04-01,landlord_rent,(고정) 월세,950000,,paid
워너비,2026,5,2026-05-01,landlord_rent,(고정) 월세,950000,,paid
워너비,2026,1,2026-01-01,electricity,(고정) 전기,34060,전기 01-0845-0159,paid
워너비,2026,2,2026-02-01,electricity,(고정) 전기,37920,전기 01-0845-0159,paid
워너비,2026,3,2026-03-01,electricity,(고정) 전기,29860,전기 01-0845-0159,paid
워너비,2026,4,2026-04-01,electricity,(고정) 전기,38690,전기 01-0845-0159,paid
워너비,2026,1,2026-01-01,gas,(고정) 가스,173590,코원 23235558,paid
워너비,2026,2,2026-02-01,gas,(고정) 가스,168070,코원 23235558,paid
워너비,2026,3,2026-03-01,gas,(고정) 가스,149340,코원 23235558,paid
워너비,2026,1,2026-01-01,water,(고정) 수도,60000,건물주,paid
워너비,2026,2,2026-02-01,water,(고정) 수도,60000,건물주,paid
워너비,2026,3,2026-03-01,water,(고정) 수도,60000,건물주,paid
워너비,2026,1,2026-01-01,internet,(고정) 인터넷,22000,,paid
워너비,2026,2,2026-02-01,internet,(고정) 인터넷,22000,,paid
워너비,2026,3,2026-03-01,internet,(고정) 인터넷,22000,,paid
워너비,2026,4,2026-04-01,internet,(고정) 인터넷,22000,,paid
워너비,2026,5,2026-05-01,internet,(고정) 인터넷,22000,,paid
워너비,2026,1,2026-01-01,water_purifier,(고정) 정수기,11000,,paid
워너비,2026,2,2026-02-01,water_purifier,(고정) 정수기,11000,,paid
워너비,2026,3,2026-03-01,water_purifier,(고정) 정수기,11000,,paid
워너비,2026,4,2026-04-01,water_purifier,(고정) 정수기,11000,,paid
워너비,2026,5,2026-05-01,water_purifier,(고정) 정수기,11000,,paid
워너비,2026,1,2026-01-01,misc_bundle,그외(청소/수리/쿠팡),63550,,paid
워너비,2026,2,2026-02-01,misc_bundle,그외(청소/수리/쿠팡),85750,,paid
워너비,2026,3,2026-03-01,misc_bundle,그외(청소/수리/쿠팡),92020,,paid
워너비,2026,4,2026-04-01,misc_bundle,그외(청소/수리/쿠팡),60750,,paid
영동,2026,1,2026-01-01,landlord_rent,(고정) 월세,1500000,,paid
영동,2026,2,2026-02-01,landlord_rent,(고정) 월세,1500000,,paid
영동,2026,3,2026-03-01,landlord_rent,(고정) 월세,1500000,,paid
영동,2026,4,2026-04-01,landlord_rent,(고정) 월세,1500000,,paid
영동,2026,5,2026-05-01,landlord_rent,(고정) 월세,1500000,,paid
영동,2026,1,2026-01-01,building_maintenance,(고정) 관리비/계단,70000,투자자고지,paid
영동,2026,2,2026-02-01,building_maintenance,(고정) 관리비/계단,70000,투자자고지,paid
영동,2026,3,2026-03-01,building_maintenance,(고정) 관리비/계단,70000,투자자고지,paid
영동,2026,4,2026-04-01,building_maintenance,(고정) 관리비/계단,70000,투자자고지,paid
영동,2026,5,2026-05-01,building_maintenance,(고정) 관리비/계단,70000,투자자고지,paid
영동,2026,1,2026-01-01,electricity,(고정) 전기,139560,투자자고지,paid
영동,2026,2,2026-02-01,electricity,(고정) 전기,130860,투자자고지,paid
영동,2026,3,2026-03-01,electricity,(고정) 전기,135000,투자자고지,paid
영동,2026,1,2026-01-01,gas,(고정) 가스,411560,투자자고지,paid
영동,2026,2,2026-02-01,gas,(고정) 가스,370520,투자자고지,paid
영동,2026,3,2026-03-01,gas,(고정) 가스,400000,투자자고지,paid
영동,2026,1,2026-01-01,water,(고정) 수도,40000,투자자고지,paid
영동,2026,2,2026-02-01,water,(고정) 수도,40000,투자자고지,paid
영동,2026,3,2026-03-01,water,(고정) 수도,45056,투자자고지,paid
영동,2026,5,2026-05-01,water,(고정) 수도,80000,투자자고지,paid
영동,2026,1,2026-01-01,internet,(고정) 인터넷,22000,투자자고지,paid
영동,2026,2,2026-02-01,internet,(고정) 인터넷,22000,투자자고지,paid
영동,2026,3,2026-03-01,internet,(고정) 인터넷,22000,투자자고지,paid
영동,2026,4,2026-04-01,internet,(고정) 인터넷,22000,투자자고지,paid
영동,2026,5,2026-05-01,internet,(고정) 인터넷,22000,투자자고지,paid
영동,2026,1,2026-01-01,water_purifier,(고정) 정수기,11000,투자자고지,paid
영동,2026,2,2026-02-01,water_purifier,(고정) 정수기,11000,투자자고지,paid
영동,2026,3,2026-03-01,water_purifier,(고정) 정수기,11000,투자자고지,paid
영동,2026,4,2026-04-01,water_purifier,(고정) 정수기,11000,투자자고지,paid
영동,2026,5,2026-05-01,water_purifier,(고정) 정수기,11000,투자자고지,paid
영동,2026,1,2026-01-01,misc_bundle,그외(청소/수리/쿠팡),174360,,paid
영동,2026,2,2026-02-01,misc_bundle,그외(청소/수리/쿠팡),50000,,paid
영동,2026,3,2026-03-01,misc_bundle,그외(청소/수리/쿠팡),75500,,paid
영동,2026,4,2026-04-01,misc_bundle,그외(청소/수리/쿠팡),10780,,paid
삼중,2026,1,2026-01-01,landlord_rent,(고정) 월세,2900000,,paid
삼중,2026,2,2026-02-01,landlord_rent,(고정) 월세,2900000,,paid
삼중,2026,3,2026-03-01,landlord_rent,(고정) 월세,2900000,,paid
삼중,2026,4,2026-04-01,landlord_rent,(고정) 월세,2900000,,paid
삼중,2026,5,2026-05-01,landlord_rent,(고정) 월세,2900000,,paid
삼중,2026,1,2026-01-01,building_maintenance,(고정) 관리비/수도,150000,투자자고지,paid
삼중,2026,2,2026-02-01,building_maintenance,(고정) 관리비/수도,150000,투자자고지,paid
삼중,2026,3,2026-03-01,building_maintenance,(고정) 관리비/수도,150000,투자자고지,paid
삼중,2026,4,2026-04-01,building_maintenance,(고정) 관리비/수도,150000,투자자고지,paid
삼중,2026,5,2026-05-01,building_maintenance,(고정) 관리비/수도,150000,투자자고지,paid
삼중,2026,1,2026-01-01,electricity,(고정) 전기,200390,투자자고지,paid
삼중,2026,2,2026-02-01,electricity,(고정) 전기,171780,투자자고지,paid
삼중,2026,3,2026-03-01,electricity,(고정) 전기,200000,투자자고지,paid
삼중,2026,4,2026-04-01,electricity,(고정) 전기,150000,투자자고지,paid
삼중,2026,1,2026-01-01,gas,(고정) 가스,805300,투자자고지,paid
삼중,2026,2,2026-02-01,gas,(고정) 가스,607570,투자자고지,paid
삼중,2026,3,2026-03-01,gas,(고정) 가스,600000,투자자고지,paid
삼중,2026,4,2026-04-01,gas,(고정) 가스,500000,투자자고지,paid
삼중,2026,1,2026-01-01,internet,(고정) 인터넷,22000,투자자고지,paid
삼중,2026,2,2026-02-01,internet,(고정) 인터넷,22000,투자자고지,paid
삼중,2026,3,2026-03-01,internet,(고정) 인터넷,22000,투자자고지,paid
삼중,2026,4,2026-04-01,internet,(고정) 인터넷,22000,투자자고지,paid
삼중,2026,5,2026-05-01,internet,(고정) 인터넷,22000,투자자고지,paid
삼중,2026,1,2026-01-01,water_purifier,(고정) 정수기,19900,투자자고지,paid
삼중,2026,2,2026-02-01,water_purifier,(고정) 정수기,19900,투자자고지,paid
삼중,2026,3,2026-03-01,water_purifier,(고정) 정수기,19900,투자자고지,paid
삼중,2026,4,2026-04-01,water_purifier,(고정) 정수기,19900,투자자고지,paid
삼중,2026,5,2026-05-01,water_purifier,(고정) 정수기,19900,투자자고지,paid
삼중,2026,1,2026-01-01,misc_bundle,그외(청소/수리/쿠팡),224910,,paid
삼중,2026,2,2026-02-01,misc_bundle,그외(청소/수리/쿠팡),205650,,paid
삼중,2026,3,2026-03-01,misc_bundle,그외(청소/수리/쿠팡),239080,,paid
삼중,2026,4,2026-04-01,misc_bundle,그외(청소/수리/쿠팡),49800,,paid
반포,2026,1,2026-01-01,landlord_rent,(고정) 월세,2800000,,paid
반포,2026,2,2026-02-01,landlord_rent,(고정) 월세,2800000,,paid
반포,2026,3,2026-03-01,landlord_rent,(고정) 월세,2800000,,paid
반포,2026,4,2026-04-01,landlord_rent,(고정) 월세,2800000,,paid
반포,2026,5,2026-05-01,landlord_rent,(고정) 월세,2800000,,paid
반포,2026,1,2026-01-01,building_maintenance,(고정) 관리비/수도,130000,투자자고지,paid
반포,2026,2,2026-02-01,building_maintenance,(고정) 관리비/수도,130000,투자자고지,paid
반포,2026,3,2026-03-01,building_maintenance,(고정) 관리비/수도,130000,투자자고지,paid
반포,2026,4,2026-04-01,building_maintenance,(고정) 관리비/수도,130000,투자자고지,paid
반포,2026,5,2026-05-01,building_maintenance,(고정) 관리비/수도,130000,투자자고지,paid
반포,2026,1,2026-01-01,electricity,(고정) 전기,100580,투자자고지,paid
반포,2026,2,2026-02-01,electricity,(고정) 전기,115010,투자자고지,paid
반포,2026,3,2026-03-01,electricity,(고정) 전기,120000,투자자고지,paid
반포,2026,4,2026-04-01,electricity,(고정) 전기,100000,투자자고지,paid
반포,2026,1,2026-01-01,gas,(고정) 가스,704940,투자자고지,paid
반포,2026,2,2026-02-01,gas,(고정) 가스,916290,투자자고지,paid
반포,2026,3,2026-03-01,gas,(고정) 가스,900000,투자자고지,paid
반포,2026,4,2026-04-01,gas,(고정) 가스,600000,투자자고지,paid
반포,2026,1,2026-01-01,internet,(고정) 인터넷,22000,투자자고지,paid
반포,2026,2,2026-02-01,internet,(고정) 인터넷,22000,투자자고지,paid
반포,2026,3,2026-03-01,internet,(고정) 인터넷,22000,투자자고지,paid
반포,2026,4,2026-04-01,internet,(고정) 인터넷,22000,투자자고지,paid
반포,2026,5,2026-05-01,internet,(고정) 인터넷,22000,투자자고지,paid
반포,2026,1,2026-01-01,water_purifier,(고정) 정수기,19900,투자자고지,paid
반포,2026,2,2026-02-01,water_purifier,(고정) 정수기,19900,투자자고지,paid
반포,2026,3,2026-03-01,water_purifier,(고정) 정수기,19900,투자자고지,paid
반포,2026,4,2026-04-01,water_purifier,(고정) 정수기,19900,투자자고지,paid
반포,2026,5,2026-05-01,water_purifier,(고정) 정수기,19900,투자자고지,paid
반포,2026,1,2026-01-01,misc_bundle,그외(청소/수리/쿠팡),270020,,paid
반포,2026,2,2026-02-01,misc_bundle,그외(청소/수리/쿠팡),221090,,paid
반포,2026,3,2026-03-01,misc_bundle,그외(청소/수리/쿠팡),323220,,paid
반포,2026,4,2026-04-01,misc_bundle,그외(청소/수리/쿠팡),63600,,paid
신사,2026,1,2026-01-01,landlord_rent,(고정) 월세,2350000,,paid
신사,2026,2,2026-02-01,landlord_rent,(고정) 월세,2350000,,paid
신사,2026,3,2026-03-01,landlord_rent,(고정) 월세,2350000,,paid
신사,2026,4,2026-04-01,landlord_rent,(고정) 월세,2350000,,paid
신사,2026,5,2026-05-01,landlord_rent,(고정) 월세,2350000,,paid
신사,2026,1,2026-01-01,electricity,(고정) 전기,73000,주인 고지,paid
신사,2026,2,2026-02-01,electricity,(고정) 전기,125000,주인 고지,paid
신사,2026,3,2026-03-01,electricity,(고정) 전기,100000,주인 고지,paid
신사,2026,4,2026-04-01,electricity,(고정) 전기,100000,주인 고지,paid
신사,2026,1,2026-01-01,gas,(고정) 가스 (카드),403130,"코원 23112899 , 23112902",paid
신사,2026,2,2026-02-01,gas,(고정) 가스 (카드),597210,"코원 23112899 , 23112902",paid
신사,2026,3,2026-03-01,gas,(고정) 가스 (카드),500000,"코원 23112899 , 23112902",paid
신사,2026,4,2026-04-01,gas,(고정) 가스 (카드),500000,"코원 23112899 , 23112902",paid
신사,2026,1,2026-01-01,water,(고정) 수도,40000,주인고지 (2개월텀),paid
신사,2026,2,2026-02-01,water,(고정) 수도,40000,주인고지 (2개월텀),paid
신사,2026,3,2026-03-01,water,(고정) 수도,40000,주인고지 (2개월텀),paid
신사,2026,4,2026-04-01,water,(고정) 수도,40000,주인고지 (2개월텀),paid
신사,2026,5,2026-05-01,water,(고정) 수도,40000,주인고지 (2개월텀),paid
신사,2026,1,2026-01-01,internet,(고정) 인터넷,28000,,paid
신사,2026,2,2026-02-01,internet,(고정) 인터넷,28000,,paid
신사,2026,3,2026-03-01,internet,(고정) 인터넷,28000,,paid
신사,2026,4,2026-04-01,internet,(고정) 인터넷,28000,,paid
신사,2026,5,2026-05-01,internet,(고정) 인터넷,28000,,paid
신사,2026,1,2026-01-01,water_purifier,(고정) 정수기,11000,신아,paid
신사,2026,2,2026-02-01,water_purifier,(고정) 정수기,11000,신아,paid
신사,2026,3,2026-03-01,water_purifier,(고정) 정수기,11000,신아,paid
신사,2026,4,2026-04-01,water_purifier,(고정) 정수기,11000,신아,paid
신사,2026,5,2026-05-01,water_purifier,(고정) 정수기,11000,신아,paid
신사,2026,1,2026-01-01,etc,(고정) 비데,10000,신아,paid
신사,2026,2,2026-02-01,etc,(고정) 비데,10000,신아,paid
신사,2026,3,2026-03-01,etc,(고정) 비데,10000,신아,paid
신사,2026,4,2026-04-01,etc,(고정) 비데,10000,신아,paid
신사,2026,5,2026-05-01,etc,(고정) 비데,10000,신아,paid
신사,2026,1,2026-01-01,misc_bundle,그외(청소/수리/쿠팡),161130,,paid
신사,2026,2,2026-02-01,misc_bundle,그외(청소/수리/쿠팡),254920,,paid
신사,2026,3,2026-03-01,misc_bundle,그외(청소/수리/쿠팡),185470,,paid
신사,2026,4,2026-04-01,misc_bundle,그외(청소/수리/쿠팡),10660,,paid
선릉,2026,1,2026-01-01,landlord_rent,(고정) 월세,1300000,,paid
선릉,2026,2,2026-02-01,landlord_rent,(고정) 월세,1300000,,paid
선릉,2026,3,2026-03-01,landlord_rent,(고정) 월세,1300000,,paid
선릉,2026,4,2026-04-01,landlord_rent,(고정) 월세,1300000,,paid
선릉,2026,5,2026-05-01,landlord_rent,(고정) 월세,1400000,,paid
선릉,2026,1,2026-01-01,electricity,(고정) 전기,32140,고객번호 01-1173-7096,paid
선릉,2026,2,2026-02-01,electricity,(고정) 전기,34320,고객번호 01-1173-7096,paid
선릉,2026,1,2026-01-01,gas,(고정) 가스 (카드),202600,22683826,paid
선릉,2026,2,2026-02-01,gas,(고정) 가스 (카드),184570,22683826,paid
선릉,2026,1,2026-01-01,water,(고정) 수도,30000,,paid
선릉,2026,2,2026-02-01,water,(고정) 수도,30000,,paid
선릉,2026,4,2026-04-01,water,(고정) 수도,30000,,paid
선릉,2026,1,2026-01-01,internet,(고정) 인터넷,23100,,paid
선릉,2026,2,2026-02-01,internet,(고정) 인터넷,23100,,paid
선릉,2026,4,2026-04-01,internet,(고정) 인터넷,23100,,paid
선릉,2026,5,2026-05-01,internet,(고정) 인터넷,23100,,paid
선릉,2026,1,2026-01-01,water_purifier,(고정) 정수기,10000,신아,paid
선릉,2026,2,2026-02-01,water_purifier,(고정) 정수기,10000,신아,paid
선릉,2026,4,2026-04-01,water_purifier,(고정) 정수기,10000,신아,paid
선릉,2026,5,2026-05-01,water_purifier,(고정) 정수기,10000,신아,paid
선릉,2026,1,2026-01-01,etc,(고정) 화재보험,10000,신아,paid
선릉,2026,2,2026-02-01,etc,(고정) 화재보험,10000,신아,paid
선릉,2026,4,2026-04-01,etc,(고정) 화재보험,10000,신아,paid
선릉,2026,5,2026-05-01,etc,(고정) 화재보험,10000,신아,paid
선릉,2026,1,2026-01-01,misc_bundle,그외(청소/수리/쿠팡),102310,,paid
선릉,2026,2,2026-02-01,misc_bundle,그외(청소/수리/쿠팡),49610,,paid
대학,2026,1,2026-01-01,landlord_rent,(고정) 월세,850000,,paid
대학,2026,2,2026-02-01,landlord_rent,(고정) 월세,850000,,paid
대학,2026,3,2026-03-01,landlord_rent,(고정) 월세,850000,,paid
대학,2026,4,2026-04-01,landlord_rent,(고정) 월세,850000,,paid
대학,2026,5,2026-05-01,landlord_rent,(고정) 월세,850000,,paid
대학,2026,1,2026-01-01,electricity,(고정) 전기 (카드),27750,01-2710-9332,paid
대학,2026,2,2026-02-01,electricity,(고정) 전기 (카드),29740,01-2710-9332,paid
대학,2026,3,2026-03-01,electricity,(고정) 전기 (카드),30000,01-2710-9332,paid
대학,2026,1,2026-01-01,gas,(고정) 가스 (카드),205280,6005573188,paid
대학,2026,2,2026-02-01,gas,(고정) 가스 (카드),205360,6005573188,paid
대학,2026,3,2026-03-01,gas,(고정) 가스 (카드),202580,6005573188,paid
대학,2026,4,2026-04-01,gas,(고정) 가스 (카드),150580,6005573188,paid
대학,2026,1,2026-01-01,water,(고정) 수도,30000,투자자,paid
대학,2026,2,2026-02-01,water,(고정) 수도,30000,투자자,paid
대학,2026,3,2026-03-01,water,(고정) 수도,30000,투자자,paid
대학,2026,4,2026-04-01,water,(고정) 수도,30000,투자자,paid
대학,2026,5,2026-05-01,water,(고정) 수도,30000,투자자,paid
대학,2026,1,2026-01-01,internet,(고정) 인터넷,33000,,paid
대학,2026,2,2026-02-01,internet,(고정) 인터넷,33000,,paid
대학,2026,3,2026-03-01,internet,(고정) 인터넷,33000,,paid
대학,2026,4,2026-04-01,internet,(고정) 인터넷,33000,,paid
대학,2026,5,2026-05-01,internet,(고정) 인터넷,33000,,paid
대학,2026,1,2026-01-01,water_purifier,(고정) 정수기,19000,,paid
대학,2026,2,2026-02-01,water_purifier,(고정) 정수기,19000,,paid
대학,2026,3,2026-03-01,water_purifier,(고정) 정수기,19000,,paid
대학,2026,4,2026-04-01,water_purifier,(고정) 정수기,19000,,paid
대학,2026,5,2026-05-01,water_purifier,(고정) 정수기,19000,,paid
대학,2026,1,2026-01-01,misc_bundle,그외(청소/수리/쿠팡),57000,,paid
대학,2026,2,2026-02-01,misc_bundle,그외(청소/수리/쿠팡),66630,,paid
대학,2026,3,2026-03-01,misc_bundle,그외(청소/수리/쿠팡),73900,,paid
샤네,2026,1,2026-01-01,landlord_rent,(고정) 월세,850000,,paid
샤네,2026,2,2026-02-01,landlord_rent,(고정) 월세,850000,,paid
샤네,2026,3,2026-03-01,landlord_rent,(고정) 월세,850000,,paid
샤네,2026,4,2026-04-01,landlord_rent,(고정) 월세,850000,,paid
샤네,2026,5,2026-05-01,landlord_rent,(고정) 월세,850000,,paid
샤네,2026,1,2026-01-01,electricity,(고정) 전기 (카드),47710,01 1527 2178,paid
샤네,2026,2,2026-02-01,electricity,(고정) 전기 (카드),47710,01 1527 2178,paid
샤네,2026,3,2026-03-01,electricity,(고정) 전기 (카드),50000,01 1527 2178,paid
샤네,2026,4,2026-04-01,electricity,(고정) 전기 (카드),50000,01 1527 2178,paid
샤네,2026,1,2026-01-01,gas,(고정) 가스 (카드),175100,6004897043,paid
샤네,2026,2,2026-02-01,gas,(고정) 가스 (카드),235520,6004897043,paid
샤네,2026,3,2026-03-01,gas,(고정) 가스 (카드),231650,6004897043,paid
샤네,2026,4,2026-04-01,gas,(고정) 가스 (카드),59750,6004897043,paid
샤네,2026,1,2026-01-01,water,(고정) 수도,30000,투자자,paid
샤네,2026,2,2026-02-01,water,(고정) 수도,30000,투자자,paid
샤네,2026,3,2026-03-01,water,(고정) 수도,30000,투자자,paid
샤네,2026,4,2026-04-01,water,(고정) 수도,30000,투자자,paid
샤네,2026,5,2026-05-01,water,(고정) 수도,30000,투자자,paid
샤네,2026,1,2026-01-01,internet,(고정) 인터넷,25000,,paid
샤네,2026,2,2026-02-01,internet,(고정) 인터넷,25000,,paid
샤네,2026,3,2026-03-01,internet,(고정) 인터넷,25000,,paid
샤네,2026,4,2026-04-01,internet,(고정) 인터넷,25000,,paid
샤네,2026,5,2026-05-01,internet,(고정) 인터넷,25000,,paid
샤네,2026,1,2026-01-01,water_purifier,(고정) 정수기,10000,,paid
샤네,2026,2,2026-02-01,water_purifier,(고정) 정수기,10000,,paid
샤네,2026,3,2026-03-01,water_purifier,(고정) 정수기,10000,,paid
샤네,2026,4,2026-04-01,water_purifier,(고정) 정수기,10000,,paid
샤네,2026,5,2026-05-01,water_purifier,(고정) 정수기,10000,,paid
샤네,2026,1,2026-01-01,misc_bundle,그외(청소/수리/쿠팡),50730,,paid
샤네,2026,2,2026-02-01,misc_bundle,그외(청소/수리/쿠팡),82750,,paid
샤네,2026,3,2026-03-01,misc_bundle,그외(청소/수리/쿠팡),40000,,paid
샤네,2026,4,2026-04-01,misc_bundle,그외(청소/수리/쿠팡),5750,,paid
낙성,2026,1,2026-01-01,landlord_rent,(고정) 월세,1100000,,paid
낙성,2026,2,2026-02-01,landlord_rent,(고정) 월세,1100000,,paid
낙성,2026,3,2026-03-01,landlord_rent,(고정) 월세,1100000,,paid
낙성,2026,4,2026-04-01,landlord_rent,(고정) 월세,1100000,,paid
낙성,2026,5,2026-05-01,landlord_rent,(고정) 월세,1100000,,paid
낙성,2026,1,2026-01-01,electricity,(고정) 전기 (카드),49260,01 5353 1096,paid
낙성,2026,2,2026-02-01,electricity,(고정) 전기 (카드),52340,01 5353 1096,paid
낙성,2026,3,2026-03-01,electricity,(고정) 전기 (카드),60000,01 5353 1096,paid
낙성,2026,4,2026-04-01,electricity,(고정) 전기 (카드),60000,01 5353 1096,paid
낙성,2026,1,2026-01-01,gas,(고정) 가스 (카드),290710,6007620582,paid
낙성,2026,2,2026-02-01,gas,(고정) 가스 (카드),324130,6007620582,paid
낙성,2026,3,2026-03-01,gas,(고정) 가스 (카드),254730,6007620582,paid
낙성,2026,4,2026-04-01,gas,(고정) 가스 (카드),164380,6007620582,paid
낙성,2026,1,2026-01-01,water,(고정) 수도,30000,,paid
낙성,2026,2,2026-02-01,water,(고정) 수도,30000,,paid
낙성,2026,3,2026-03-01,water,(고정) 수도,45000,,paid
낙성,2026,4,2026-04-01,water,(고정) 수도,30000,,paid
낙성,2026,5,2026-05-01,water,(고정) 수도,30000,,paid
낙성,2026,1,2026-01-01,internet,(고정) 인터넷,25000,,paid
낙성,2026,2,2026-02-01,internet,(고정) 인터넷,25000,,paid
낙성,2026,3,2026-03-01,internet,(고정) 인터넷,25000,,paid
낙성,2026,4,2026-04-01,internet,(고정) 인터넷,25000,,paid
낙성,2026,5,2026-05-01,internet,(고정) 인터넷,25000,,paid
낙성,2026,1,2026-01-01,water_purifier,(고정) 정수기,10000,,paid
낙성,2026,2,2026-02-01,water_purifier,(고정) 정수기,10000,,paid
낙성,2026,3,2026-03-01,water_purifier,(고정) 정수기,10000,,paid
낙성,2026,4,2026-04-01,water_purifier,(고정) 정수기,10000,,paid
낙성,2026,5,2026-05-01,water_purifier,(고정) 정수기,10000,,paid
낙성,2026,1,2026-01-01,misc_bundle,그외(청소/수리/쿠팡),66520,,paid
낙성,2026,2,2026-02-01,misc_bundle,그외(청소/수리/쿠팡),62990,,paid
낙성,2026,3,2026-03-01,misc_bundle,그외(청소/수리/쿠팡),82400,,paid
낙성,2026,4,2026-04-01,misc_bundle,그외(청소/수리/쿠팡),13310,,paid
구디,2026,1,2026-01-01,landlord_rent,(고정) 월세,1300000,,paid
구디,2026,2,2026-02-01,landlord_rent,(고정) 월세,1300000,,paid
구디,2026,3,2026-03-01,landlord_rent,(고정) 월세,1300000,,paid
구디,2026,4,2026-04-01,landlord_rent,(고정) 월세,1300000,,paid
구디,2026,5,2026-05-01,landlord_rent,(고정) 월세,1300000,,paid
구디,2026,1,2026-01-01,building_maintenance,(고정) 관리비(계단),10000,투자자고지,paid
구디,2026,2,2026-02-01,building_maintenance,(고정) 관리비(계단),10000,투자자고지,paid
구디,2026,3,2026-03-01,building_maintenance,(고정) 관리비(계단),10000,투자자고지,paid
구디,2026,4,2026-04-01,building_maintenance,(고정) 관리비(계단),10000,투자자고지,paid
구디,2026,5,2026-05-01,building_maintenance,(고정) 관리비(계단),10000,투자자고지,paid
구디,2026,1,2026-01-01,electricity,(고정) 전기,27600,투자자고지,paid
구디,2026,2,2026-02-01,electricity,(고정) 전기,29710,투자자고지,paid
구디,2026,3,2026-03-01,electricity,(고정) 전기,30000,투자자고지,paid
구디,2026,1,2026-01-01,gas,(고정) 가스,321030,투자자고지,paid
구디,2026,2,2026-02-01,gas,(고정) 가스,372800,투자자고지,paid
구디,2026,3,2026-03-01,gas,(고정) 가스,84020,투자자고지,paid
구디,2026,1,2026-01-01,water,(고정) 수도,50000,투자자고지,paid
구디,2026,2,2026-02-01,water,(고정) 수도,30000,투자자고지,paid
구디,2026,3,2026-03-01,water,(고정) 수도,10000,투자자고지,paid
구디,2026,1,2026-01-01,internet,(고정) 인터넷,22869,투자자고지,paid
구디,2026,2,2026-02-01,internet,(고정) 인터넷,22869,투자자고지,paid
구디,2026,3,2026-03-01,internet,(고정) 인터넷,22869,투자자고지,paid
구디,2026,4,2026-04-01,internet,(고정) 인터넷,22869,투자자고지,paid
구디,2026,5,2026-05-01,internet,(고정) 인터넷,22869,투자자고지,paid
구디,2026,1,2026-01-01,water_purifier,(고정) 정수기,19900,투자자고지,paid
구디,2026,2,2026-02-01,water_purifier,(고정) 정수기,19900,투자자고지,paid
구디,2026,3,2026-03-01,water_purifier,(고정) 정수기,19900,투자자고지,paid
구디,2026,4,2026-04-01,water_purifier,(고정) 정수기,19900,투자자고지,paid
구디,2026,5,2026-05-01,water_purifier,(고정) 정수기,19900,투자자고지,paid
구디,2026,1,2026-01-01,misc_bundle,그외(청소/수리/쿠팡),60000,,paid
구디,2026,2,2026-02-01,misc_bundle,그외(청소/수리/쿠팡),19500,,paid
쌍용,2026,1,2026-01-01,landlord_rent,(고정) 월세,1600000,,paid
쌍용,2026,2,2026-02-01,landlord_rent,(고정) 월세,1600000,,paid
쌍용,2026,3,2026-03-01,landlord_rent,(고정) 월세,1600000,,paid
쌍용,2026,4,2026-04-01,landlord_rent,(고정) 월세,1600000,,paid
쌍용,2026,5,2026-05-01,landlord_rent,(고정) 월세,1600000,,paid
쌍용,2026,1,2026-01-01,etc,(고정) 주택보험,10000,투자자고지,paid
쌍용,2026,2,2026-02-01,etc,(고정) 주택보험,10000,투자자고지,paid
쌍용,2026,3,2026-03-01,etc,(고정) 주택보험,10000,투자자고지,paid
쌍용,2026,4,2026-04-01,etc,(고정) 주택보험,10000,투자자고지,paid
쌍용,2026,5,2026-05-01,etc,(고정) 주택보험,10000,투자자고지,paid
쌍용,2026,1,2026-01-01,building_maintenance,(고정) 관리비,303920,투자자고지,paid
쌍용,2026,2,2026-02-01,building_maintenance,(고정) 관리비,271530,투자자고지,paid
쌍용,2026,3,2026-03-01,building_maintenance,(고정) 관리비,300000,투자자고지,paid
쌍용,2026,4,2026-04-01,building_maintenance,(고정) 관리비,300000,투자자고지,paid
쌍용,2026,1,2026-01-01,gas,(고정) 가스 (카드),354040,투자자고지,paid
쌍용,2026,2,2026-02-01,gas,(고정) 가스 (카드),438460,투자자고지,paid
쌍용,2026,3,2026-03-01,gas,(고정) 가스 (카드),438810,투자자고지,paid
쌍용,2026,1,2026-01-01,internet,(고정) 인터넷,23100,투자자고지,paid
쌍용,2026,2,2026-02-01,internet,(고정) 인터넷,23100,투자자고지,paid
쌍용,2026,3,2026-03-01,internet,(고정) 인터넷,23100,투자자고지,paid
쌍용,2026,4,2026-04-01,internet,(고정) 인터넷,23100,투자자고지,paid
쌍용,2026,5,2026-05-01,internet,(고정) 인터넷,23100,투자자고지,paid
쌍용,2026,1,2026-01-01,water_purifier,(고정) 정수기,11000,투자자고지,paid
쌍용,2026,2,2026-02-01,water_purifier,(고정) 정수기,11000,투자자고지,paid
쌍용,2026,3,2026-03-01,water_purifier,(고정) 정수기,11000,투자자고지,paid
쌍용,2026,4,2026-04-01,water_purifier,(고정) 정수기,11000,투자자고지,paid
쌍용,2026,5,2026-05-01,water_purifier,(고정) 정수기,11000,투자자고지,paid
쌍용,2026,1,2026-01-01,misc_bundle,그외(청소/수리/쿠팡),85270,,paid
쌍용,2026,2,2026-02-01,misc_bundle,그외(청소/수리/쿠팡),50000,,paid
쌍용,2026,3,2026-03-01,misc_bundle,그외(청소/수리/쿠팡),114340,,paid
쌍용,2026,4,2026-04-01,misc_bundle,그외(청소/수리/쿠팡),12500,,paid
이문,2026,1,2026-01-01,landlord_rent,(고정) 월세,950000,,paid
이문,2026,2,2026-02-01,landlord_rent,(고정) 월세,950000,,paid
이문,2026,3,2026-03-01,landlord_rent,(고정) 월세,950000,,paid
이문,2026,4,2026-04-01,landlord_rent,(고정) 월세,950000,,paid
이문,2026,5,2026-05-01,landlord_rent,(고정) 월세,950000,,paid
이문,2026,1,2026-01-01,electricity,(고정) 전기,45140,투자자고지,paid
이문,2026,2,2026-02-01,electricity,(고정) 전기,56730,투자자고지,paid
이문,2026,3,2026-03-01,electricity,(고정) 전기,80000,투자자고지,paid
이문,2026,1,2026-01-01,gas,(고정) 가스,181080,투자자고지,paid
이문,2026,2,2026-02-01,gas,(고정) 가스,383140,투자자고지,paid
이문,2026,3,2026-03-01,gas,(고정) 가스,450000,투자자고지,paid
이문,2026,2,2026-02-01,water,(고정) 수도,39570,투자자고지,paid
이문,2026,3,2026-03-01,water,(고정) 수도,20000,투자자고지,paid
이문,2026,1,2026-01-01,internet,(고정) 인터넷,22869,투자자고지,paid
이문,2026,2,2026-02-01,internet,(고정) 인터넷,22869,투자자고지,paid
이문,2026,3,2026-03-01,internet,(고정) 인터넷,22869,투자자고지,paid
이문,2026,4,2026-04-01,internet,(고정) 인터넷,22869,투자자고지,paid
이문,2026,5,2026-05-01,internet,(고정) 인터넷,22869,투자자고지,paid
이문,2026,1,2026-01-01,water_purifier,(고정) 정수기,19900,투자자고지,paid
이문,2026,2,2026-02-01,water_purifier,(고정) 정수기,19900,투자자고지,paid
이문,2026,3,2026-03-01,water_purifier,(고정) 정수기,19900,투자자고지,paid
이문,2026,4,2026-04-01,water_purifier,(고정) 정수기,19900,투자자고지,paid
이문,2026,5,2026-05-01,water_purifier,(고정) 정수기,19900,투자자고지,paid
이문,2026,1,2026-01-01,misc_bundle,그외(청소/수리/쿠팡),69290,,paid
이문,2026,2,2026-02-01,misc_bundle,그외(청소/수리/쿠팡),81780,,paid
이문,2026,3,2026-03-01,misc_bundle,그외(청소/수리/쿠팡),116090,,paid
이문,2026,4,2026-04-01,misc_bundle,그외(청소/수리/쿠팡),26390,,paid
빠방,2026,1,2026-01-01,landlord_rent,(고정) 월세,900000,,paid
빠방,2026,2,2026-02-01,landlord_rent,(고정) 월세,900000,,paid
빠방,2026,3,2026-03-01,landlord_rent,(고정) 월세,900000,,paid
빠방,2026,4,2026-04-01,landlord_rent,(고정) 월세,900000,,paid
빠방,2026,5,2026-05-01,landlord_rent,(고정) 월세,900000,,paid
빠방,2026,1,2026-01-01,electricity,(고정) 전기(카드),73400,01 2804 7709,paid
빠방,2026,2,2026-02-01,electricity,(고정) 전기(카드),62100,01 2804 7709,paid
빠방,2026,3,2026-03-01,electricity,(고정) 전기(카드),60000,01 2804 7709,paid
빠방,2026,1,2026-01-01,gas,(고정) 가스,269560,예스코 1017555583,paid
빠방,2026,2,2026-02-01,gas,(고정) 가스,186870,예스코 1017555583,paid
빠방,2026,3,2026-03-01,gas,(고정) 가스,128700,예스코 1017555583,paid
빠방,2026,1,2026-01-01,water,(고정) 수도,35000,주인고지,paid
빠방,2026,2,2026-02-01,water,(고정) 수도,35000,주인고지,paid
빠방,2026,3,2026-03-01,water,(고정) 수도,35000,주인고지,paid
빠방,2026,1,2026-01-01,internet,(고정) 인터넷,25000,,paid
빠방,2026,2,2026-02-01,internet,(고정) 인터넷,25000,,paid
빠방,2026,3,2026-03-01,internet,(고정) 인터넷,25000,,paid
빠방,2026,4,2026-04-01,internet,(고정) 인터넷,25000,,paid
빠방,2026,5,2026-05-01,internet,(고정) 인터넷,25000,,paid
빠방,2026,1,2026-01-01,water_purifier,(고정) 정수기,11000,신아,paid
빠방,2026,2,2026-02-01,water_purifier,(고정) 정수기,11000,신아,paid
빠방,2026,3,2026-03-01,water_purifier,(고정) 정수기,11000,신아,paid
빠방,2026,4,2026-04-01,water_purifier,(고정) 정수기,11000,신아,paid
빠방,2026,5,2026-05-01,water_purifier,(고정) 정수기,11000,신아,paid
빠방,2026,1,2026-01-01,misc_bundle,그외(청소/수리/쿠팡),59990,,paid
빠방,2026,2,2026-02-01,misc_bundle,그외(청소/수리/쿠팡),40000,,paid
빠방,2026,3,2026-03-01,misc_bundle,그외(청소/수리/쿠팡),149480,,paid
빠방,2026,4,2026-04-01,misc_bundle,그외(청소/수리/쿠팡),9140,,paid
청량,2026,1,2026-01-01,landlord_rent,(고정) 월세,1800000,,paid
청량,2026,2,2026-02-01,landlord_rent,(고정) 월세,1800000,,paid
청량,2026,3,2026-03-01,landlord_rent,(고정) 월세,1800000,,paid
청량,2026,4,2026-04-01,landlord_rent,(고정) 월세,1800000,,paid
청량,2026,5,2026-05-01,landlord_rent,(고정) 월세,1800000,,paid
청량,2026,1,2026-01-01,building_maintenance,(고정) 관리비,235650,관리사무실,paid
청량,2026,2,2026-02-01,building_maintenance,(고정) 관리비,225250,관리사무실,paid
청량,2026,3,2026-03-01,building_maintenance,(고정) 관리비,252370,관리사무실,paid
청량,2026,1,2026-01-01,gas,(고정) 가스,297610,예스코 1016121737,paid
청량,2026,2,2026-02-01,gas,(고정) 가스,286930,예스코 1016121737,paid
청량,2026,3,2026-03-01,gas,(고정) 가스,288280,예스코 1016121737,paid
청량,2026,1,2026-01-01,internet,(고정) 인터넷,25000,,paid
청량,2026,2,2026-02-01,internet,(고정) 인터넷,25000,,paid
청량,2026,3,2026-03-01,internet,(고정) 인터넷,25000,,paid
청량,2026,4,2026-04-01,internet,(고정) 인터넷,25000,,paid
청량,2026,5,2026-05-01,internet,(고정) 인터넷,25000,,paid
청량,2026,1,2026-01-01,water_purifier,(고정) 정수기,11000,신아,paid
청량,2026,2,2026-02-01,water_purifier,(고정) 정수기,11000,신아,paid
청량,2026,3,2026-03-01,water_purifier,(고정) 정수기,11000,신아,paid
청량,2026,4,2026-04-01,water_purifier,(고정) 정수기,11000,신아,paid
청량,2026,5,2026-05-01,water_purifier,(고정) 정수기,11000,신아,paid
청량,2026,1,2026-01-01,etc,(고정) 비데,10000,신아,paid
청량,2026,2,2026-02-01,etc,(고정) 비데,10000,신아,paid
청량,2026,3,2026-03-01,etc,(고정) 비데,10000,신아,paid
청량,2026,4,2026-04-01,etc,(고정) 비데,10000,신아,paid
청량,2026,5,2026-05-01,etc,(고정) 비데,10000,신아,paid
청량,2026,1,2026-01-01,misc_bundle,그외(청소/수리/쿠팡),54900,,paid
청량,2026,2,2026-02-01,misc_bundle,그외(청소/수리/쿠팡),63690,,paid
청량,2026,3,2026-03-01,misc_bundle,그외(청소/수리/쿠팡),262920,,paid
청량,2026,4,2026-04-01,misc_bundle,그외(청소/수리/쿠팡),117770,,paid
휘경,2026,1,2026-01-01,landlord_rent,(고정) 월세,900000,,paid
휘경,2026,2,2026-02-01,landlord_rent,(고정) 월세,900000,,paid
휘경,2026,3,2026-03-01,landlord_rent,(고정) 월세,900000,,paid
휘경,2026,4,2026-04-01,landlord_rent,(고정) 월세,900000,,paid
휘경,2026,5,2026-05-01,landlord_rent,(고정) 월세,900000,,paid
휘경,2026,1,2026-01-01,electricity,(고정) 전기,44880,투자자고지,paid
휘경,2026,2,2026-02-01,electricity,(고정) 전기,33810,투자자고지,paid
휘경,2026,3,2026-03-01,electricity,(고정) 전기,40000,투자자고지,paid
휘경,2026,1,2026-01-01,gas,(고정) 가스,307990,투자자고지,paid
휘경,2026,2,2026-02-01,gas,(고정) 가스,271300,투자자고지,paid
휘경,2026,3,2026-03-01,gas,(고정) 가스,300000,투자자고지,paid
휘경,2026,1,2026-01-01,electricity,(고정) 수도/공용전기/계단,100000,투자자고지,paid
휘경,2026,2,2026-02-01,electricity,(고정) 수도/공용전기/계단,100000,투자자고지,paid
휘경,2026,3,2026-03-01,electricity,(고정) 수도/공용전기/계단,100000,투자자고지,paid
휘경,2026,4,2026-04-01,electricity,(고정) 수도/공용전기/계단,100000,투자자고지,paid
휘경,2026,5,2026-05-01,electricity,(고정) 수도/공용전기/계단,100000,투자자고지,paid
휘경,2026,1,2026-01-01,internet,(고정) 인터넷,23100,투자자고지,paid
휘경,2026,2,2026-02-01,internet,(고정) 인터넷,23100,투자자고지,paid
휘경,2026,3,2026-03-01,internet,(고정) 인터넷,23100,투자자고지,paid
휘경,2026,4,2026-04-01,internet,(고정) 인터넷,23100,투자자고지,paid
휘경,2026,5,2026-05-01,internet,(고정) 인터넷,23100,투자자고지,paid
휘경,2026,1,2026-01-01,water_purifier,(고정) 정수기,19900,투자자고지,paid
휘경,2026,2,2026-02-01,water_purifier,(고정) 정수기,19900,투자자고지,paid
휘경,2026,3,2026-03-01,water_purifier,(고정) 정수기,19900,투자자고지,paid
휘경,2026,4,2026-04-01,water_purifier,(고정) 정수기,19900,투자자고지,paid
휘경,2026,5,2026-05-01,water_purifier,(고정) 정수기,19900,투자자고지,paid
휘경,2026,1,2026-01-01,misc_bundle,그외(청소/수리/쿠팡),40000,,paid
휘경,2026,2,2026-02-01,misc_bundle,그외(청소/수리/쿠팡),51900,,paid
휘경,2026,3,2026-03-01,misc_bundle,그외(청소/수리/쿠팡),68800,,paid
회기,2026,1,2026-01-01,landlord_rent,(고정) 월세,1050000,,paid
회기,2026,2,2026-02-01,landlord_rent,(고정) 월세,1050000,,paid
회기,2026,3,2026-03-01,landlord_rent,(고정) 월세,1050000,,paid
회기,2026,4,2026-04-01,landlord_rent,(고정) 월세,1050000,,paid
회기,2026,5,2026-05-01,landlord_rent,(고정) 월세,1050000,,paid
시립,2026,1,2026-01-01,landlord_rent,(고정) 월세,700000,,paid
시립,2026,2,2026-02-01,landlord_rent,(고정) 월세,700000,,paid
시립,2026,3,2026-03-01,landlord_rent,(고정) 월세,700000,,paid
시립,2026,4,2026-04-01,landlord_rent,(고정) 월세,700000,,paid
시립,2026,5,2026-05-01,landlord_rent,(고정) 월세,700000,,paid
시립,2026,1,2026-01-01,electricity,(고정) 전기,52350,114073984,paid
시립,2026,2,2026-02-01,electricity,(고정) 전기,42040,114073984,paid
시립,2026,3,2026-03-01,electricity,(고정) 전기,50000,114073984,paid
시립,2026,4,2026-04-01,electricity,(고정) 전기,50000,114073984,paid
시립,2026,1,2026-01-01,gas,(고정) 가스,154170,예스코 1200136866,paid
시립,2026,2,2026-02-01,gas,(고정) 가스,191760,예스코 1200136866,paid
시립,2026,3,2026-03-01,gas,(고정) 가스,134820,예스코 1200136866,paid
시립,2026,4,2026-04-01,gas,(고정) 가스,141300,예스코 1200136866,paid
시립,2026,1,2026-01-01,water,(고정) 수도,30000,,paid
시립,2026,2,2026-02-01,water,(고정) 수도,30000,,paid
시립,2026,3,2026-03-01,water,(고정) 수도,30000,,paid
시립,2026,4,2026-04-01,water,(고정) 수도,30000,,paid
시립,2026,5,2026-05-01,water,(고정) 수도,30000,,paid
시립,2026,1,2026-01-01,internet,(고정) 인터넷,25000,,paid
시립,2026,2,2026-02-01,internet,(고정) 인터넷,25000,,paid
시립,2026,3,2026-03-01,internet,(고정) 인터넷,25000,,paid
시립,2026,4,2026-04-01,internet,(고정) 인터넷,25000,,paid
시립,2026,5,2026-05-01,internet,(고정) 인터넷,25000,,paid
시립,2026,1,2026-01-01,water_purifier,(고정) 정수기,11000,,paid
시립,2026,2,2026-02-01,water_purifier,(고정) 정수기,11000,,paid
시립,2026,3,2026-03-01,water_purifier,(고정) 정수기,11000,,paid
시립,2026,4,2026-04-01,water_purifier,(고정) 정수기,11000,,paid
시립,2026,5,2026-05-01,water_purifier,(고정) 정수기,11000,,paid
시립,2026,1,2026-01-01,misc_bundle,그외(청소/수리/쿠팡),57920,,paid
시립,2026,2,2026-02-01,misc_bundle,그외(청소/수리/쿠팡),63600,,paid
시립,2026,3,2026-03-01,misc_bundle,그외(청소/수리/쿠팡),115940,,paid
외대,2026,1,2026-01-01,landlord_rent,(고정) 월세,1200000,,paid
외대,2026,2,2026-02-01,landlord_rent,(고정) 월세,1200000,,paid
외대,2026,3,2026-03-01,landlord_rent,(고정) 월세,1200000,,paid
외대,2026,4,2026-04-01,landlord_rent,(고정) 월세,1200000,,paid
외대,2026,5,2026-05-01,landlord_rent,(고정) 월세,1200000,,paid
외대,2026,1,2026-01-01,electricity,(고정) 전기,20000,[한전-0129657931]고객번호,paid
외대,2026,2,2026-02-01,electricity,(고정) 전기,20000,[한전-0129657931]고객번호,paid
외대,2026,3,2026-03-01,electricity,(고정) 전기,50000,[한전-0129657931]고객번호,paid
외대,2026,4,2026-04-01,electricity,(고정) 전기,50000,[한전-0129657931]고객번호,paid
외대,2026,1,2026-01-01,gas,(고정) 가스,33640,예스코 1002594507,paid
외대,2026,2,2026-02-01,gas,(고정) 가스,160550,예스코 1002594507,paid
외대,2026,3,2026-03-01,gas,(고정) 가스,241150,예스코 1002594507,paid
외대,2026,4,2026-04-01,gas,(고정) 가스,109340,예스코 1002594507,paid
외대,2026,1,2026-01-01,water,(고정) 수도,30000,,paid
외대,2026,2,2026-02-01,water,(고정) 수도,30000,,paid
외대,2026,3,2026-03-01,water,(고정) 수도,30000,,paid
외대,2026,4,2026-04-01,water,(고정) 수도,30000,,paid
외대,2026,5,2026-05-01,water,(고정) 수도,30000,,paid
외대,2026,1,2026-01-01,internet,(고정) 인터넷,25000,,paid
외대,2026,2,2026-02-01,internet,(고정) 인터넷,25000,,paid
외대,2026,3,2026-03-01,internet,(고정) 인터넷,25000,,paid
외대,2026,4,2026-04-01,internet,(고정) 인터넷,25000,,paid
외대,2026,5,2026-05-01,internet,(고정) 인터넷,25000,,paid
외대,2026,1,2026-01-01,water_purifier,(고정) 정수기,11000,,paid
외대,2026,2,2026-02-01,water_purifier,(고정) 정수기,11000,,paid
외대,2026,3,2026-03-01,water_purifier,(고정) 정수기,11000,,paid
외대,2026,4,2026-04-01,water_purifier,(고정) 정수기,11000,,paid
외대,2026,5,2026-05-01,water_purifier,(고정) 정수기,11000,,paid
외대,2026,3,2026-03-01,misc_bundle,그외(청소/수리/쿠팡),68230,,paid
광흥,2026,1,2026-01-01,landlord_rent,(고정) 월세,1900000,,paid
광흥,2026,2,2026-02-01,landlord_rent,(고정) 월세,1900000,,paid
광흥,2026,3,2026-03-01,landlord_rent,(고정) 월세,1900000,,paid
광흥,2026,4,2026-04-01,landlord_rent,(고정) 월세,1900000,,paid
광흥,2026,5,2026-05-01,landlord_rent,(고정) 월세,1900000,,paid
광흥,2026,1,2026-01-01,building_maintenance,(고정) 관리비,371450,관리사무소,paid
광흥,2026,2,2026-02-01,building_maintenance,(고정) 관리비,342740,관리사무소,paid
광흥,2026,3,2026-03-01,building_maintenance,(고정) 관리비,398250,관리사무소,paid
광흥,2026,1,2026-01-01,gas,(고정) 가스 (카드),274970,6006077482,paid
광흥,2026,2,2026-02-01,gas,(고정) 가스 (카드),419720,6006077482,paid
광흥,2026,3,2026-03-01,gas,(고정) 가스 (카드),434830,6006077482,paid
광흥,2026,4,2026-04-01,gas,(고정) 가스 (카드),229670,6006077482,paid
광흥,2026,1,2026-01-01,internet,(고정) 인터넷,25000,SK브로드,paid
광흥,2026,2,2026-02-01,internet,(고정) 인터넷,25000,SK브로드,paid
광흥,2026,3,2026-03-01,internet,(고정) 인터넷,25000,SK브로드,paid
광흥,2026,4,2026-04-01,internet,(고정) 인터넷,25000,SK브로드,paid
광흥,2026,5,2026-05-01,internet,(고정) 인터넷,25000,SK브로드,paid
광흥,2026,1,2026-01-01,water_purifier,(고정) 정수기,11000,신아,paid
광흥,2026,2,2026-02-01,water_purifier,(고정) 정수기,11000,신아,paid
광흥,2026,3,2026-03-01,water_purifier,(고정) 정수기,11000,신아,paid
광흥,2026,4,2026-04-01,water_purifier,(고정) 정수기,11000,신아,paid
광흥,2026,5,2026-05-01,water_purifier,(고정) 정수기,11000,신아,paid
광흥,2026,1,2026-01-01,etc,(고정) 비데,10000,신아,paid
광흥,2026,2,2026-02-01,etc,(고정) 비데,10000,신아,paid
광흥,2026,3,2026-03-01,etc,(고정) 비데,10000,신아,paid
광흥,2026,4,2026-04-01,etc,(고정) 비데,10000,신아,paid
광흥,2026,5,2026-05-01,etc,(고정) 비데,10000,신아,paid
광흥,2026,1,2026-01-01,misc_bundle,그외(청소/수리/쿠팡),131550,,paid
광흥,2026,2,2026-02-01,misc_bundle,그외(청소/수리/쿠팡),111700,,paid
광흥,2026,3,2026-03-01,misc_bundle,그외(청소/수리/쿠팡),136540,,paid
광흥,2026,4,2026-04-01,misc_bundle,그외(청소/수리/쿠팡),3800,,paid
와이지,2026,1,2026-01-01,building_maintenance,(고정) 관리비,12500,투자자고지,paid
와이지,2026,2,2026-02-01,building_maintenance,(고정) 관리비,12500,투자자고지,paid
와이지,2026,1,2026-01-01,electricity,(고정) 전기,33000,투자자고지,paid
와이지,2026,2,2026-02-01,electricity,(고정) 전기,33000,투자자고지,paid
와이지,2026,1,2026-01-01,gas,(고정) 가스,200430,투자자고지,paid
와이지,2026,2,2026-02-01,gas,(고정) 가스,243870,투자자고지,paid
와이지,2026,1,2026-01-01,water,(고정) 수도,30000,투자자고지,paid
와이지,2026,2,2026-02-01,water,(고정) 수도,30000,투자자고지,paid
와이지,2026,1,2026-01-01,internet,(고정) 인터넷,30000,투자자고지,paid
와이지,2026,2,2026-02-01,internet,(고정) 인터넷,30000,투자자고지,paid
와이지,2026,3,2026-03-01,internet,(고정) 인터넷,30000,투자자고지,paid
와이지,2026,4,2026-04-01,internet,(고정) 인터넷,30000,투자자고지,paid
와이지,2026,1,2026-01-01,water_purifier,(고정) 정수기,30000,투자자고지,paid
와이지,2026,2,2026-02-01,water_purifier,(고정) 정수기,30000,투자자고지,paid
와이지,2026,3,2026-03-01,water_purifier,(고정) 정수기,30000,투자자고지,paid
와이지,2026,4,2026-04-01,water_purifier,(고정) 정수기,30000,투자자고지,paid
와이지,2026,1,2026-01-01,misc_bundle,그외(청소/수리/쿠팡),58340,,paid
와이지,2026,2,2026-02-01,misc_bundle,그외(청소/수리/쿠팡),50000,,paid
와이지,2026,3,2026-03-01,misc_bundle,그외(청소/수리/쿠팡),59800,,paid
와이지,2026,4,2026-04-01,misc_bundle,그외(청소/수리/쿠팡),12260,,paid
샛별,2026,1,2026-01-01,landlord_rent,(고정) 월세,1100000,,paid
샛별,2026,2,2026-02-01,landlord_rent,(고정) 월세,1100000,,paid
샛별,2026,3,2026-03-01,landlord_rent,(고정) 월세,1100000,,paid
샛별,2026,4,2026-04-01,landlord_rent,(고정) 월세,1100000,,paid
샛별,2026,5,2026-05-01,landlord_rent,(고정) 월세,1100000,,paid
샛별,2026,1,2026-01-01,electricity,(고정) 전기,80180,투자자고지,paid
샛별,2026,2,2026-02-01,electricity,(고정) 전기,80180,투자자고지,paid
샛별,2026,3,2026-03-01,electricity,(고정) 전기,80000,투자자고지,paid
샛별,2026,1,2026-01-01,gas,(고정) 가스,233360,투자자고지,paid
샛별,2026,2,2026-02-01,gas,(고정) 가스,277150,투자자고지,paid
샛별,2026,3,2026-03-01,gas,(고정) 가스,250000,투자자고지,paid
샛별,2026,1,2026-01-01,water,(고정) 수도,36000,투자자고지,paid
샛별,2026,2,2026-02-01,water,(고정) 수도,36000,투자자고지,paid
샛별,2026,1,2026-01-01,internet,(고정) 인터넷,34000,투자자고지,paid
샛별,2026,2,2026-02-01,internet,(고정) 인터넷,34000,투자자고지,paid
샛별,2026,3,2026-03-01,internet,(고정) 인터넷,34000,투자자고지,paid
샛별,2026,4,2026-04-01,internet,(고정) 인터넷,34000,투자자고지,paid
샛별,2026,5,2026-05-01,internet,(고정) 인터넷,34000,투자자고지,paid
샛별,2026,1,2026-01-01,water_purifier,(고정) 정수기,18900,투자자고지,paid
샛별,2026,2,2026-02-01,water_purifier,(고정) 정수기,18900,투자자고지,paid
샛별,2026,3,2026-03-01,water_purifier,(고정) 정수기,18900,투자자고지,paid
샛별,2026,4,2026-04-01,water_purifier,(고정) 정수기,18900,투자자고지,paid
샛별,2026,5,2026-05-01,water_purifier,(고정) 정수기,18900,투자자고지,paid
샛별,2026,1,2026-01-01,misc_bundle,그외(청소/수리/쿠팡),195900,,paid
샛별,2026,2,2026-02-01,misc_bundle,그외(청소/수리/쿠팡),121650,,paid
샛별,2026,3,2026-03-01,misc_bundle,그외(청소/수리/쿠팡),174460,,paid
샛별,2026,4,2026-04-01,misc_bundle,그외(청소/수리/쿠팡),10900,,paid
신촌,2026,1,2026-01-01,landlord_rent,(고정) 월세,1300000,,paid
신촌,2026,2,2026-02-01,landlord_rent,(고정) 월세,1300000,,paid
신촌,2026,3,2026-03-01,landlord_rent,(고정) 월세,1300000,,paid
신촌,2026,4,2026-04-01,landlord_rent,(고정) 월세,1300000,,paid
신촌,2026,5,2026-05-01,landlord_rent,(고정) 월세,1300000,,paid
신촌,2026,1,2026-01-01,electricity,(고정) 전기,91040,투자자고지 01 1114 7349,paid
신촌,2026,2,2026-02-01,electricity,(고정) 전기,102260,투자자고지 01 1114 7349,paid
신촌,2026,3,2026-03-01,electricity,(고정) 전기,110000,투자자고지 01 1114 7349,paid
신촌,2026,1,2026-01-01,gas,(고정) 가스,219080,투자자고지,paid
신촌,2026,2,2026-02-01,gas,(고정) 가스,352000,투자자고지,paid
신촌,2026,3,2026-03-01,gas,(고정) 가스,400000,투자자고지,paid
신촌,2026,1,2026-01-01,water,(고정) 수도,50000,투자자고지,paid
신촌,2026,2,2026-02-01,water,(고정) 수도,50000,투자자고지,paid
신촌,2026,3,2026-03-01,water,(고정) 수도,50000,투자자고지,paid
신촌,2026,4,2026-04-01,water,(고정) 수도,50000,투자자고지,paid
신촌,2026,5,2026-05-01,water,(고정) 수도,50000,투자자고지,paid
신촌,2026,1,2026-01-01,internet,(고정) 인터넷,15000,투자자고지,paid
신촌,2026,2,2026-02-01,internet,(고정) 인터넷,15000,투자자고지,paid
신촌,2026,3,2026-03-01,internet,(고정) 인터넷,15000,투자자고지,paid
신촌,2026,4,2026-04-01,internet,(고정) 인터넷,15000,투자자고지,paid
신촌,2026,5,2026-05-01,internet,(고정) 인터넷,15000,투자자고지,paid
신촌,2026,1,2026-01-01,water_purifier,(고정) 정수기,12000,투자자고지,paid
신촌,2026,2,2026-02-01,water_purifier,(고정) 정수기,12000,투자자고지,paid
신촌,2026,3,2026-03-01,water_purifier,(고정) 정수기,12000,투자자고지,paid
신촌,2026,4,2026-04-01,water_purifier,(고정) 정수기,12000,투자자고지,paid
신촌,2026,5,2026-05-01,water_purifier,(고정) 정수기,12000,투자자고지,paid
신촌,2026,1,2026-01-01,misc_bundle,그외(청소/수리/쿠팡),68390,,paid
신촌,2026,2,2026-02-01,misc_bundle,그외(청소/수리/쿠팡),75890,,paid
신촌,2026,3,2026-03-01,misc_bundle,그외(청소/수리/쿠팡),49800,,paid
아현,2026,3,2026-03-01,landlord_rent,(고정) 월세,700000,,paid
아현,2026,4,2026-04-01,landlord_rent,(고정) 월세,700000,,paid
아현,2026,5,2026-05-01,landlord_rent,(고정) 월세,700000,,paid
아현,2026,2,2026-02-01,electricity,(고정) 전기,70370,,paid
아현,2026,3,2026-03-01,electricity,(고정) 전기,60060,,paid
아현,2026,2,2026-02-01,gas,(고정) 가스,185900,,paid
아현,2026,3,2026-03-01,gas,(고정) 가스,156840,,paid
아현,2026,1,2026-01-01,water,(고정) 수도,30000,,paid
아현,2026,2,2026-02-01,water,(고정) 수도,30000,,paid
아현,2026,1,2026-01-01,internet,(고정) 인터넷,25000,,paid
아현,2026,2,2026-02-01,internet,(고정) 인터넷,25000,,paid
아현,2026,3,2026-03-01,internet,(고정) 인터넷,25000,,paid
아현,2026,4,2026-04-01,internet,(고정) 인터넷,25000,,paid
아현,2026,5,2026-05-01,internet,(고정) 인터넷,25000,,paid
아현,2026,1,2026-01-01,water_purifier,(고정) 정수기,11000,,paid
아현,2026,2,2026-02-01,water_purifier,(고정) 정수기,11000,,paid
아현,2026,3,2026-03-01,water_purifier,(고정) 정수기,11000,,paid
아현,2026,4,2026-04-01,water_purifier,(고정) 정수기,11000,,paid
아현,2026,5,2026-05-01,water_purifier,(고정) 정수기,11000,,paid
아현,2026,1,2026-01-01,misc_bundle,그외(청소/수리/쿠팡),57920,,paid
아현,2026,2,2026-02-01,misc_bundle,그외(청소/수리/쿠팡),23900,,paid
아현,2026,3,2026-03-01,misc_bundle,그외(청소/수리/쿠팡),189320,,paid
아현,2026,4,2026-04-01,misc_bundle,그외(청소/수리/쿠팡),9800,,paid
루프,2026,1,2026-01-01,landlord_rent,(고정) 월세,1000000,,paid
루프,2026,2,2026-02-01,landlord_rent,(고정) 월세,1000000,,paid
루프,2026,3,2026-03-01,landlord_rent,(고정) 월세,1000000,,paid
루프,2026,1,2026-01-01,electricity,(고정) 전기,25330,한전 01-0715-0868,paid
루프,2026,2,2026-02-01,electricity,(고정) 전기,28200,한전 01-0715-0868,paid
루프,2026,3,2026-03-01,electricity,(고정) 전기,17590,한전 01-0715-0868,paid
루프,2026,1,2026-01-01,gas,(고정) 가스,273690,예스코 1016863814,paid
루프,2026,2,2026-02-01,gas,(고정) 가스,233780,예스코 1016863814,paid
루프,2026,1,2026-01-01,water,(고정) 수도,30000,포함,paid
루프,2026,2,2026-02-01,water,(고정) 수도,30000,포함,paid
루프,2026,3,2026-03-01,water,(고정) 수도,30000,포함,paid
루프,2026,1,2026-01-01,internet,(고정) 인터넷,22000,,paid
루프,2026,2,2026-02-01,internet,(고정) 인터넷,22000,,paid
루프,2026,3,2026-03-01,internet,(고정) 인터넷,22000,,paid
루프,2026,1,2026-01-01,misc_bundle,그외(청소/수리/쿠팡),62250,,paid
루프,2026,2,2026-02-01,misc_bundle,그외(청소/수리/쿠팡),42000,,paid
무드,2026,1,2026-01-01,landlord_rent,(고정) 월세,600000,,paid
무드,2026,2,2026-02-01,landlord_rent,(고정) 월세,600000,,paid
무드,2026,3,2026-03-01,landlord_rent,(고정) 월세,600000,,paid
무드,2026,4,2026-04-01,landlord_rent,(고정) 월세,600000,,paid
무드,2026,5,2026-05-01,landlord_rent,(고정) 월세,600000,,paid
무드,2026,1,2026-01-01,electricity,(고정) 전기,48490,한전 01-0763-7932,paid
무드,2026,2,2026-02-01,electricity,(고정) 전기,32770,한전 01-0763-7932,paid
무드,2026,3,2026-03-01,electricity,(고정) 전기,29560,한전 01-0763-7932,paid
무드,2026,4,2026-04-01,electricity,(고정) 전기,40750,한전 01-0763-7932,paid
무드,2026,1,2026-01-01,gas,(고정) 가스,150010,예스코 1016815368,paid
무드,2026,2,2026-02-01,gas,(고정) 가스,129560,예스코 1016815368,paid
무드,2026,3,2026-03-01,gas,(고정) 가스,147440,예스코 1016815368,paid
무드,2026,1,2026-01-01,water,(고정) 수도,52000,포함,paid
무드,2026,1,2026-01-01,internet,(고정) 인터넷,22000,,paid
무드,2026,2,2026-02-01,internet,(고정) 인터넷,22000,,paid
무드,2026,3,2026-03-01,internet,(고정) 인터넷,22000,,paid
무드,2026,4,2026-04-01,internet,(고정) 인터넷,22000,,paid
무드,2026,5,2026-05-01,internet,(고정) 인터넷,22000,,paid
무드,2026,1,2026-01-01,water_purifier,(고정) 정수기,11000,,paid
무드,2026,2,2026-02-01,water_purifier,(고정) 정수기,11000,,paid
무드,2026,3,2026-03-01,water_purifier,(고정) 정수기,11000,,paid
무드,2026,4,2026-04-01,water_purifier,(고정) 정수기,11000,,paid
무드,2026,5,2026-05-01,water_purifier,(고정) 정수기,11000,,paid
무드,2026,3,2026-03-01,misc_bundle,그외(청소/수리/쿠팡),338800,,paid
소녀,2026,1,2026-01-01,landlord_rent,(고정) 월세,870000,,paid
소녀,2026,2,2026-02-01,landlord_rent,(고정) 월세,870000,,paid
소녀,2026,3,2026-03-01,landlord_rent,(고정) 월세,870000,,paid
소녀,2026,4,2026-04-01,landlord_rent,(고정) 월세,870000,,paid
소녀,2026,5,2026-05-01,landlord_rent,(고정) 월세,870000,,paid
소녀,2026,1,2026-01-01,electricity,(고정) 전기,112760,한전 0109273394,paid
소녀,2026,2,2026-02-01,electricity,(고정) 전기,161650,한전 0109273394,paid
소녀,2026,3,2026-03-01,electricity,(고정) 전기,63170,한전 0109273394,paid
소녀,2026,4,2026-04-01,electricity,(고정) 전기,49510,한전 0109273394,paid
소녀,2026,1,2026-01-01,gas,(고정) 가스,144820,예스코 1007627850,paid
소녀,2026,2,2026-02-01,gas,(고정) 가스,195090,예스코 1007627850,paid
소녀,2026,3,2026-03-01,gas,(고정) 가스,101430,예스코 1007627850,paid
소녀,2026,4,2026-04-01,gas,(고정) 가스,50490,예스코 1007627850,paid
소녀,2026,1,2026-01-01,water,(고정) 수도,36000,포함,paid
소녀,2026,3,2026-03-01,water,(고정) 수도,37440,포함,paid
소녀,2026,1,2026-01-01,internet,(고정) 인터넷,22000,,paid
소녀,2026,2,2026-02-01,internet,(고정) 인터넷,22000,,paid
소녀,2026,3,2026-03-01,internet,(고정) 인터넷,22000,,paid
소녀,2026,4,2026-04-01,internet,(고정) 인터넷,22000,,paid
소녀,2026,5,2026-05-01,internet,(고정) 인터넷,22000,,paid
소녀,2026,1,2026-01-01,water_purifier,(고정) 정수기,10000,,paid
소녀,2026,2,2026-02-01,water_purifier,(고정) 정수기,10000,,paid
소녀,2026,3,2026-03-01,water_purifier,(고정) 정수기,10000,,paid
소녀,2026,4,2026-04-01,water_purifier,(고정) 정수기,10000,,paid
소녀,2026,5,2026-05-01,water_purifier,(고정) 정수기,10000,,paid
소녀,2026,1,2026-01-01,misc_bundle,그외(청소/수리/쿠팡),95250,,paid
소녀,2026,2,2026-02-01,misc_bundle,그외(청소/수리/쿠팡),80690,,paid
소녀,2026,3,2026-03-01,misc_bundle,그외(청소/수리/쿠팡),75730,,paid
허브,2026,1,2026-01-01,landlord_rent,(고정) 월세,950000,,paid
허브,2026,2,2026-02-01,landlord_rent,(고정) 월세,950000,,paid
허브,2026,3,2026-03-01,landlord_rent,(고정) 월세,950000,,paid
허브,2026,4,2026-04-01,landlord_rent,(고정) 월세,950000,,paid
허브,2026,5,2026-05-01,landlord_rent,(고정) 월세,950000,,paid
허브,2026,1,2026-01-01,building_maintenance,(고정) 관리비,30000,,paid
허브,2026,2,2026-02-01,building_maintenance,(고정) 관리비,30000,,paid
허브,2026,3,2026-03-01,building_maintenance,(고정) 관리비,30000,,paid
허브,2026,4,2026-04-01,building_maintenance,(고정) 관리비,30000,,paid
허브,2026,5,2026-05-01,building_maintenance,(고정) 관리비,30000,,paid
허브,2026,1,2026-01-01,electricity,(고정) 전기,33280,한전 01-0762-2902,paid
허브,2026,2,2026-02-01,electricity,(고정) 전기,24280,한전 01-0762-2902,paid
허브,2026,3,2026-03-01,electricity,(고정) 전기,24280,한전 01-0762-2902,paid
허브,2026,4,2026-04-01,electricity,(고정) 전기,61370,한전 01-0762-2902,paid
허브,2026,1,2026-01-01,gas,(고정) 가스,222820,예스코 1016448053,paid
허브,2026,2,2026-02-01,gas,(고정) 가스,217760,예스코 1016448053,paid
허브,2026,3,2026-03-01,gas,(고정) 가스,147330,예스코 1016448053,paid
허브,2026,4,2026-04-01,gas,(고정) 가스,66140,예스코 1016448053,paid
허브,2026,1,2026-01-01,water,(고정) 수도,60000,포함,paid
허브,2026,2,2026-02-01,water,(고정) 수도,60000,포함,paid
허브,2026,3,2026-03-01,water,(고정) 수도,60000,포함,paid
허브,2026,4,2026-04-01,water,(고정) 수도,60000,포함,paid
허브,2026,5,2026-05-01,water,(고정) 수도,60000,포함,paid
허브,2026,1,2026-01-01,internet,(고정) 인터넷,22000,,paid
허브,2026,2,2026-02-01,internet,(고정) 인터넷,22000,,paid
허브,2026,3,2026-03-01,internet,(고정) 인터넷,22000,,paid
허브,2026,4,2026-04-01,internet,(고정) 인터넷,22000,,paid
허브,2026,5,2026-05-01,internet,(고정) 인터넷,22000,,paid
허브,2026,1,2026-01-01,water_purifier,(고정) 정수기,10000,,paid
허브,2026,2,2026-02-01,water_purifier,(고정) 정수기,10000,,paid
허브,2026,3,2026-03-01,water_purifier,(고정) 정수기,10000,,paid
허브,2026,4,2026-04-01,water_purifier,(고정) 정수기,10000,,paid
허브,2026,5,2026-05-01,water_purifier,(고정) 정수기,10000,,paid
허브,2026,1,2026-01-01,misc_bundle,그외(청소/수리/쿠팡),48800,,paid
허브,2026,2,2026-02-01,misc_bundle,그외(청소/수리/쿠팡),95290,,paid
허브,2026,3,2026-03-01,misc_bundle,그외(청소/수리/쿠팡),86930,,paid
허브,2026,4,2026-04-01,misc_bundle,그외(청소/수리/쿠팡),30200,,paid
단짠,2026,1,2026-01-01,landlord_rent,(고정) 월세,800000,,paid
단짠,2026,2,2026-02-01,landlord_rent,(고정) 월세,800000,,paid
단짠,2026,3,2026-03-01,landlord_rent,(고정) 월세,800000,,paid
단짠,2026,4,2026-04-01,landlord_rent,(고정) 월세,800000,,paid
단짠,2026,5,2026-05-01,landlord_rent,(고정) 월세,800000,,paid
단짠,2026,1,2026-01-01,electricity,(고정) 전기,30310,전기 0107611086,paid
단짠,2026,2,2026-02-01,electricity,(고정) 전기,19290,전기 0107611086,paid
단짠,2026,3,2026-03-01,electricity,(고정) 전기,16870,전기 0107611086,paid
단짠,2026,4,2026-04-01,electricity,(고정) 전기,35860,전기 0107611086,paid
단짠,2026,1,2026-01-01,gas,(고정) 가스,144820,예스코 1016736400,paid
단짠,2026,2,2026-02-01,gas,(고정) 가스,159780,예스코 1016736400,paid
단짠,2026,3,2026-03-01,gas,(고정) 가스,124490,예스코 1016736400,paid
단짠,2026,1,2026-01-01,water,(고정) 수도(매월3만,30000,수도,paid
단짠,2026,2,2026-02-01,water,(고정) 수도(매월3만,30000,수도,paid
단짠,2026,3,2026-03-01,water,(고정) 수도(매월3만,30000,수도,paid
단짠,2026,4,2026-04-01,water,(고정) 수도(매월3만,30000,수도,paid
단짠,2026,5,2026-05-01,water,(고정) 수도(매월3만,30000,수도,paid
단짠,2026,1,2026-01-01,internet,(고정) 인터넷,22000,,paid
단짠,2026,2,2026-02-01,internet,(고정) 인터넷,22000,,paid
단짠,2026,3,2026-03-01,internet,(고정) 인터넷,22000,,paid
단짠,2026,4,2026-04-01,internet,(고정) 인터넷,22000,,paid
단짠,2026,5,2026-05-01,internet,(고정) 인터넷,22000,,paid
단짠,2026,1,2026-01-01,misc_bundle,그외(청소/수리/쿠팡),12500,,paid
단짠,2026,2,2026-02-01,misc_bundle,그외(청소/수리/쿠팡),50000,,paid
단짠,2026,3,2026-03-01,misc_bundle,그외(청소/수리/쿠팡),79750,,paid
단짠,2026,4,2026-04-01,misc_bundle,그외(청소/수리/쿠팡),2340,,paid
다정,2026,1,2026-01-01,landlord_rent,(고정) 월세,700000,,paid
다정,2026,2,2026-02-01,landlord_rent,(고정) 월세,700000,,paid
다정,2026,3,2026-03-01,landlord_rent,(고정) 월세,700000,,paid
다정,2026,4,2026-04-01,landlord_rent,(고정) 월세,700000,,paid
다정,2026,5,2026-05-01,landlord_rent,(고정) 월세,700000,,paid
다정,2026,1,2026-01-01,electricity,(고정) 전기,24570,한전 01-1623-7296,paid
다정,2026,2,2026-02-01,electricity,(고정) 전기,27890,한전 01-1623-7296,paid
다정,2026,3,2026-03-01,electricity,(고정) 전기,26680,한전 01-1623-7296,paid
다정,2026,1,2026-01-01,gas,(고정) 가스,198880,예스코 1017070946,paid
다정,2026,2,2026-02-01,gas,(고정) 가스,209670,예스코 1017070946,paid
다정,2026,3,2026-03-01,gas,(고정) 가스,129570,예스코 1017070946,paid
다정,2026,4,2026-04-01,gas,(고정) 가스,75570,예스코 1017070946,paid
다정,2026,1,2026-01-01,water,(고정) 수도,26000,고정,paid
다정,2026,2,2026-02-01,water,(고정) 수도,26000,고정,paid
다정,2026,1,2026-01-01,internet,(고정) 인터넷,22000,,paid
다정,2026,2,2026-02-01,internet,(고정) 인터넷,22000,,paid
다정,2026,3,2026-03-01,internet,(고정) 인터넷,22000,,paid
다정,2026,4,2026-04-01,internet,(고정) 인터넷,22000,,paid
다정,2026,5,2026-05-01,internet,(고정) 인터넷,22000,,paid
다정,2026,1,2026-01-01,water_purifier,(고정) 정수기,10000,,paid
다정,2026,2,2026-02-01,water_purifier,(고정) 정수기,10000,,paid
다정,2026,3,2026-03-01,water_purifier,(고정) 정수기,10000,,paid
다정,2026,4,2026-04-01,water_purifier,(고정) 정수기,10000,,paid
다정,2026,5,2026-05-01,water_purifier,(고정) 정수기,10000,,paid
다정,2026,1,2026-01-01,misc_bundle,그외(청소/수리/쿠팡),94240,,paid
다정,2026,2,2026-02-01,misc_bundle,그외(청소/수리/쿠팡),60000,,paid
다정,2026,3,2026-03-01,misc_bundle,그외(청소/수리/쿠팡),40000,,paid
다정,2026,4,2026-04-01,misc_bundle,그외(청소/수리/쿠팡),23650,,paid
아리,2026,1,2026-01-01,electricity,(고정) 전기 (카드),27990,01-2640-2980,paid
아리,2026,2,2026-02-01,electricity,(고정) 전기 (카드),24810,01-2640-2980,paid
아리,2026,3,2026-03-01,electricity,(고정) 전기 (카드),30000,01-2640-2980,paid
아리,2026,1,2026-01-01,gas,(고정) 가스 (카드),195740,예스코 1016606240,paid
아리,2026,2,2026-02-01,gas,(고정) 가스 (카드),254180,예스코 1016606240,paid
아리,2026,3,2026-03-01,gas,(고정) 가스 (카드),202580,예스코 1016606240,paid
아리,2026,4,2026-04-01,gas,(고정) 가스 (카드),180980,예스코 1016606240,paid
아리,2026,1,2026-01-01,water,(고정) 수도,30000,,paid
아리,2026,2,2026-02-01,water,(고정) 수도,30000,,paid
아리,2026,3,2026-03-01,water,(고정) 수도,30000,,paid
아리,2026,4,2026-04-01,water,(고정) 수도,30000,,paid
아리,2026,1,2026-01-01,internet,(고정) 인터넷,30000,,paid
아리,2026,2,2026-02-01,internet,(고정) 인터넷,30000,,paid
아리,2026,3,2026-03-01,internet,(고정) 인터넷,30000,,paid
아리,2026,4,2026-04-01,internet,(고정) 인터넷,30000,,paid
아리,2026,5,2026-05-01,internet,(고정) 인터넷,30000,,paid
아리,2026,1,2026-01-01,water_purifier,(고정) 정수기,20000,,paid
아리,2026,2,2026-02-01,water_purifier,(고정) 정수기,20000,,paid
아리,2026,3,2026-03-01,water_purifier,(고정) 정수기,20000,,paid
아리,2026,4,2026-04-01,water_purifier,(고정) 정수기,20000,,paid
아리,2026,5,2026-05-01,water_purifier,(고정) 정수기,20000,,paid
아리,2026,1,2026-01-01,misc_bundle,그외(청소/수리/쿠팡),98010,,paid
아리,2026,2,2026-02-01,misc_bundle,그외(청소/수리/쿠팡),18020,,paid
아리,2026,3,2026-03-01,misc_bundle,그외(청소/수리/쿠팡),153430,,paid
아리,2026,4,2026-04-01,misc_bundle,그외(청소/수리/쿠팡),4830,,paid
한성,2026,1,2026-01-01,electricity,(고정) 전기 (카드),33120,01-0059-8658,paid
한성,2026,2,2026-02-01,electricity,(고정) 전기 (카드),36560,01-0059-8658,paid
한성,2026,1,2026-01-01,gas,(고정) 가스 (카드),236290,예스코 1016776703,paid
한성,2026,2,2026-02-01,gas,(고정) 가스 (카드),237850,예스코 1016776703,paid
한성,2026,3,2026-03-01,gas,(고정) 가스 (카드),129580,예스코 1016776703,paid
한성,2026,4,2026-04-01,gas,(고정) 가스 (카드),63040,예스코 1016776703,paid
한성,2026,1,2026-01-01,water,(고정) 수도,30000,,paid
한성,2026,2,2026-02-01,water,(고정) 수도,30000,,paid
한성,2026,3,2026-03-01,water,(고정) 수도,30000,,paid
한성,2026,4,2026-04-01,water,(고정) 수도,30000,,paid
한성,2026,1,2026-01-01,internet,(고정) 인터넷,30000,,paid
한성,2026,2,2026-02-01,internet,(고정) 인터넷,30000,,paid
한성,2026,3,2026-03-01,internet,(고정) 인터넷,30000,,paid
한성,2026,4,2026-04-01,internet,(고정) 인터넷,30000,,paid
한성,2026,5,2026-05-01,internet,(고정) 인터넷,30000,,paid
한성,2026,1,2026-01-01,water_purifier,(고정) 정수기,20000,,paid
한성,2026,2,2026-02-01,water_purifier,(고정) 정수기,20000,,paid
한성,2026,3,2026-03-01,water_purifier,(고정) 정수기,20000,,paid
한성,2026,4,2026-04-01,water_purifier,(고정) 정수기,20000,,paid
한성,2026,5,2026-05-01,water_purifier,(고정) 정수기,20000,,paid
한성,2026,1,2026-01-01,misc_bundle,그외(청소/수리/쿠팡),78150,,paid
한성,2026,2,2026-02-01,misc_bundle,그외(청소/수리/쿠팡),55000,,paid
한성,2026,3,2026-03-01,misc_bundle,그외(청소/수리/쿠팡),102540,,paid
상상,2026,1,2026-01-01,landlord_rent,(고정) 월세,1050000,,paid
상상,2026,2,2026-02-01,landlord_rent,(고정) 월세,1050000,,paid
상상,2026,3,2026-03-01,landlord_rent,(고정) 월세,1050000,,paid
상상,2026,4,2026-04-01,landlord_rent,(고정) 월세,1050000,,paid
상상,2026,5,2026-05-01,landlord_rent,(고정) 월세,1050000,,paid
상상,2026,1,2026-01-01,electricity,(고정) 전기,60850,한전 01-1623-7296,paid
상상,2026,2,2026-02-01,electricity,(고정) 전기,48740,한전 01-1623-7296,paid
상상,2026,1,2026-01-01,gas,(고정) 가스,198880,예스코 1017070946,paid
상상,2026,2,2026-02-01,gas,(고정) 가스,209670,예스코 1017070946,paid
상상,2026,3,2026-03-01,gas,(고정) 가스,129570,예스코 1017070946,paid
상상,2026,4,2026-04-01,gas,(고정) 가스,75570,예스코 1017070946,paid
상상,2026,1,2026-01-01,water,(고정) 수도,26000,고정,paid
상상,2026,2,2026-02-01,water,(고정) 수도,26000,고정,paid
상상,2026,3,2026-03-01,water,(고정) 수도,26000,고정,paid
상상,2026,4,2026-04-01,water,(고정) 수도,26000,고정,paid
상상,2026,5,2026-05-01,water,(고정) 수도,26000,고정,paid
상상,2026,1,2026-01-01,internet,(고정) 인터넷,22000,,paid
상상,2026,2,2026-02-01,internet,(고정) 인터넷,22000,,paid
상상,2026,3,2026-03-01,internet,(고정) 인터넷,22000,,paid
상상,2026,4,2026-04-01,internet,(고정) 인터넷,22000,,paid
상상,2026,5,2026-05-01,internet,(고정) 인터넷,22000,,paid
상상,2026,1,2026-01-01,water_purifier,(고정) 정수기,10000,,paid
상상,2026,2,2026-02-01,water_purifier,(고정) 정수기,10000,,paid
상상,2026,3,2026-03-01,water_purifier,(고정) 정수기,10000,,paid
상상,2026,4,2026-04-01,water_purifier,(고정) 정수기,10000,,paid
상상,2026,5,2026-05-01,water_purifier,(고정) 정수기,10000,,paid
상상,2026,1,2026-01-01,misc_bundle,그외(청소/수리/쿠팡),61790,,paid
상상,2026,2,2026-02-01,misc_bundle,그외(청소/수리/쿠팡),40000,,paid
상상,2026,3,2026-03-01,misc_bundle,그외(청소/수리/쿠팡),75200,,paid
상상,2026,4,2026-04-01,misc_bundle,그외(청소/수리/쿠팡),30970,,paid
샤샤,2026,1,2026-01-01,landlord_rent,(고정) 월세,1020000,,paid
샤샤,2026,2,2026-02-01,landlord_rent,(고정) 월세,1020000,,paid
샤샤,2026,3,2026-03-01,landlord_rent,(고정) 월세,1020000,,paid
샤샤,2026,4,2026-04-01,landlord_rent,(고정) 월세,1020000,,paid
샤샤,2026,5,2026-05-01,landlord_rent,(고정) 월세,1020000,,paid
샤샤,2026,1,2026-01-01,electricity,(고정) 전기,52860,한전 0102667543,paid
샤샤,2026,2,2026-02-01,electricity,(고정) 전기,52860,한전 0102667543,paid
샤샤,2026,3,2026-03-01,electricity,(고정) 전기,64720,한전 0102667543,paid
샤샤,2026,1,2026-01-01,gas,(고정) 가스,207360,서울 6006349479,paid
샤샤,2026,2,2026-02-01,gas,(고정) 가스,302110,서울 6006349479,paid
샤샤,2026,3,2026-03-01,gas,(고정) 가스,332740,서울 6006349479,paid
샤샤,2026,4,2026-04-01,gas,(고정) 가스,151510,서울 6006349479,paid
샤샤,2026,1,2026-01-01,water,(고정) 수도,30000,건물주 (1년에 한번?;;),paid
샤샤,2026,2,2026-02-01,water,(고정) 수도,30000,건물주 (1년에 한번?;;),paid
샤샤,2026,3,2026-03-01,water,(고정) 수도,30000,건물주 (1년에 한번?;;),paid
샤샤,2026,4,2026-04-01,water,(고정) 수도,30000,건물주 (1년에 한번?;;),paid
샤샤,2026,1,2026-01-01,internet,(고정) 인터넷,22000,,paid
샤샤,2026,2,2026-02-01,internet,(고정) 인터넷,22000,,paid
샤샤,2026,3,2026-03-01,internet,(고정) 인터넷,22000,,paid
샤샤,2026,4,2026-04-01,internet,(고정) 인터넷,22000,,paid
샤샤,2026,5,2026-05-01,internet,(고정) 인터넷,22000,,paid
샤샤,2026,1,2026-01-01,misc_bundle,그외(청소/수리/쿠팡),66210,,paid
샤샤,2026,2,2026-02-01,misc_bundle,그외(청소/수리/쿠팡),85170,,paid
샤샤,2026,3,2026-03-01,misc_bundle,그외(청소/수리/쿠팡),106230,,paid
브루,2026,1,2026-01-01,landlord_rent,(고정) 월세,900000,,paid
브루,2026,2,2026-02-01,landlord_rent,(고정) 월세,900000,,paid
브루,2026,3,2026-03-01,landlord_rent,(고정) 월세,900000,,paid
브루,2026,4,2026-04-01,landlord_rent,(고정) 월세,900000,,paid
브루,2026,5,2026-05-01,landlord_rent,(고정) 월세,900000,,paid
브루,2026,1,2026-01-01,electricity,(고정) 전기,68320,한전 01-5623-0342,paid
브루,2026,2,2026-02-01,electricity,(고정) 전기,62660,한전 01-5623-0342,paid
브루,2026,3,2026-03-01,electricity,(고정) 전기,48490,한전 01-5623-0342,paid
브루,2026,4,2026-04-01,electricity,(고정) 전기,65230,한전 01-5623-0342,paid
브루,2026,1,2026-01-01,gas,(고정) 가스,206310,서울 6005854994,paid
브루,2026,2,2026-02-01,gas,(고정) 가스,306290,서울 6005854994,paid
브루,2026,3,2026-03-01,gas,(고정) 가스,311880,서울 6005854994,paid
브루,2026,4,2026-04-01,gas,(고정) 가스,168160,서울 6005854994,paid
브루,2026,1,2026-01-01,water,(고정) 수도,38980,아리수 034206854,paid
브루,2026,3,2026-03-01,water,(고정) 수도,30010,아리수 034206854,paid
브루,2026,1,2026-01-01,internet,(고정) 인터넷,22000,,paid
브루,2026,2,2026-02-01,internet,(고정) 인터넷,22000,,paid
브루,2026,3,2026-03-01,internet,(고정) 인터넷,22000,,paid
브루,2026,4,2026-04-01,internet,(고정) 인터넷,22000,,paid
브루,2026,5,2026-05-01,internet,(고정) 인터넷,22000,,paid
브루,2026,1,2026-01-01,misc_bundle,그외(청소/수리/쿠팡),59000,,paid
브루,2026,2,2026-02-01,misc_bundle,그외(청소/수리/쿠팡),62270,,paid
브루,2026,3,2026-03-01,misc_bundle,그외(청소/수리/쿠팡),105870,,paid
브루,2026,4,2026-04-01,misc_bundle,그외(청소/수리/쿠팡),106480,,paid
영삼,2026,1,2026-01-01,landlord_rent,(고정) 월세,750000,,paid
영삼,2026,2,2026-02-01,landlord_rent,(고정) 월세,750000,,paid
영삼,2026,3,2026-03-01,landlord_rent,(고정) 월세,750000,,paid
영삼,2026,4,2026-04-01,landlord_rent,(고정) 월세,750000,,paid
영삼,2026,5,2026-05-01,landlord_rent,(고정) 월세,750000,,paid
영삼,2026,1,2026-01-01,electricity,(고정) 전기 (카드),55190,01-0266-8819,paid
영삼,2026,2,2026-02-01,electricity,(고정) 전기 (카드),62660,01-0266-8819,paid
영삼,2026,1,2026-01-01,gas,(고정) 가스 (카드),143900,6005530745,paid
영삼,2026,2,2026-02-01,gas,(고정) 가스 (카드),209480,6005530745,paid
영삼,2026,3,2026-03-01,gas,(고정) 가스 (카드),235830,6005530745,paid
영삼,2026,4,2026-04-01,gas,(고정) 가스 (카드),97310,6005530745,paid
영삼,2026,1,2026-01-01,water,(고정) 수도,30000,,paid
영삼,2026,2,2026-02-01,water,(고정) 수도,30000,,paid
영삼,2026,3,2026-03-01,water,(고정) 수도,30000,,paid
영삼,2026,4,2026-04-01,water,(고정) 수도,30000,,paid
영삼,2026,1,2026-01-01,internet,(고정) 인터넷,25000,,paid
영삼,2026,2,2026-02-01,internet,(고정) 인터넷,25000,,paid
영삼,2026,3,2026-03-01,internet,(고정) 인터넷,25000,,paid
영삼,2026,4,2026-04-01,internet,(고정) 인터넷,25000,,paid
영삼,2026,5,2026-05-01,internet,(고정) 인터넷,25000,,paid
영삼,2026,1,2026-01-01,water_purifier,(고정) 정수기,10000,,paid
영삼,2026,2,2026-02-01,water_purifier,(고정) 정수기,10000,,paid
영삼,2026,3,2026-03-01,water_purifier,(고정) 정수기,10000,,paid
영삼,2026,4,2026-04-01,water_purifier,(고정) 정수기,10000,,paid
영삼,2026,5,2026-05-01,water_purifier,(고정) 정수기,10000,,paid
영삼,2026,1,2026-01-01,misc_bundle,그외(청소/수리/쿠팡),62020,,paid
영삼,2026,2,2026-02-01,misc_bundle,그외(청소/수리/쿠팡),61700,,paid
영삼,2026,3,2026-03-01,misc_bundle,그외(청소/수리/쿠팡),40000,,paid
영삼,2026,4,2026-04-01,misc_bundle,그외(청소/수리/쿠팡),13810,,paid
영이,2026,1,2026-01-01,landlord_rent,(고정) 월세,750000,,paid
영이,2026,2,2026-02-01,landlord_rent,(고정) 월세,750000,,paid
영이,2026,3,2026-03-01,landlord_rent,(고정) 월세,750000,,paid
영이,2026,4,2026-04-01,landlord_rent,(고정) 월세,750000,,paid
영이,2026,5,2026-05-01,landlord_rent,(고정) 월세,750000,,paid
영이,2026,1,2026-01-01,electricity,(고정) 전기 (카드),30000,01-0266-8837,paid
영이,2026,2,2026-02-01,electricity,(고정) 전기 (카드),30000,01-0266-8837,paid
영이,2026,3,2026-03-01,electricity,(고정) 전기 (카드),30000,01-0266-8837,paid
영이,2026,4,2026-04-01,electricity,(고정) 전기 (카드),30000,01-0266-8837,paid
영이,2026,1,2026-01-01,gas,(고정) 가스 (카드),164700,6005792957,paid
영이,2026,2,2026-02-01,gas,(고정) 가스 (카드),197000,6005792957,paid
영이,2026,3,2026-03-01,gas,(고정) 가스 (카드),252500,6005792957,paid
영이,2026,4,2026-04-01,gas,(고정) 가스 (카드),132760,6005792957,paid
영이,2026,1,2026-01-01,water,(고정) 수도,30000,,paid
영이,2026,2,2026-02-01,water,(고정) 수도,30000,,paid
영이,2026,3,2026-03-01,water,(고정) 수도,30000,,paid
영이,2026,4,2026-04-01,water,(고정) 수도,30000,,paid
영이,2026,1,2026-01-01,internet,(고정) 인터넷,25000,,paid
영이,2026,2,2026-02-01,internet,(고정) 인터넷,25000,,paid
영이,2026,3,2026-03-01,internet,(고정) 인터넷,25000,,paid
영이,2026,4,2026-04-01,internet,(고정) 인터넷,25000,,paid
영이,2026,5,2026-05-01,internet,(고정) 인터넷,25000,,paid
영이,2026,1,2026-01-01,water_purifier,(고정) 정수기,10000,,paid
영이,2026,2,2026-02-01,water_purifier,(고정) 정수기,10000,,paid
영이,2026,3,2026-03-01,water_purifier,(고정) 정수기,10000,,paid
영이,2026,4,2026-04-01,water_purifier,(고정) 정수기,10000,,paid
영이,2026,5,2026-05-01,water_purifier,(고정) 정수기,10000,,paid
영이,2026,1,2026-01-01,misc_bundle,그외(청소/수리/쿠팡),63700,,paid
영이,2026,2,2026-02-01,misc_bundle,그외(청소/수리/쿠팡),53920,,paid
영이,2026,3,2026-03-01,misc_bundle,그외(청소/수리/쿠팡),48800,,paid
영영1,2026,1,2026-01-01,landlord_rent,(고정) 월세,800000,,paid
영영1,2026,2,2026-02-01,landlord_rent,(고정) 월세,800000,,paid
영영1,2026,3,2026-03-01,landlord_rent,(고정) 월세,800000,,paid
영영1,2026,4,2026-04-01,landlord_rent,(고정) 월세,800000,,paid
영영1,2026,5,2026-05-01,landlord_rent,(고정) 월세,800000,,paid
영영1,2026,1,2026-01-01,electricity,(고정) 전기,40750,서울 01-02662405,paid
영영1,2026,2,2026-02-01,electricity,(고정) 전기,43080,서울 01-02662405,paid
영영1,2026,3,2026-03-01,electricity,(고정) 전기,45000,서울 01-02662405,paid
영영1,2026,4,2026-04-01,electricity,(고정) 전기,45000,서울 01-02662405,paid
영영1,2026,1,2026-01-01,gas,(고정) 가스,230250,6005855010,paid
영영1,2026,2,2026-02-01,gas,(고정) 가스,279210,6005855010,paid
영영1,2026,3,2026-03-01,gas,(고정) 가스,345240,6005855010,paid
영영1,2026,4,2026-04-01,gas,(고정) 가스,135870,6005855010,paid
영영1,2026,1,2026-01-01,water,(고정) 수도,40000,주인고지(2개월에 한번),paid
영영1,2026,2,2026-02-01,water,(고정) 수도,40000,주인고지(2개월에 한번),paid
영영1,2026,3,2026-03-01,water,(고정) 수도,40000,주인고지(2개월에 한번),paid
영영1,2026,4,2026-04-01,water,(고정) 수도,40000,주인고지(2개월에 한번),paid
영영1,2026,1,2026-01-01,internet,(고정) 인터넷,25000,,paid
영영1,2026,2,2026-02-01,internet,(고정) 인터넷,25000,,paid
영영1,2026,3,2026-03-01,internet,(고정) 인터넷,25000,,paid
영영1,2026,4,2026-04-01,internet,(고정) 인터넷,25000,,paid
영영1,2026,5,2026-05-01,internet,(고정) 인터넷,25000,,paid
영영1,2026,1,2026-01-01,water_purifier,(고정) 정수기,10000,현대,paid
영영1,2026,2,2026-02-01,water_purifier,(고정) 정수기,10000,현대,paid
영영1,2026,3,2026-03-01,water_purifier,(고정) 정수기,10000,현대,paid
영영1,2026,4,2026-04-01,water_purifier,(고정) 정수기,10000,현대,paid
영영1,2026,5,2026-05-01,water_purifier,(고정) 정수기,10000,현대,paid
영영1,2026,1,2026-01-01,misc_bundle,그외(청소/수리/쿠팡),77760,,paid
영영1,2026,2,2026-02-01,misc_bundle,그외(청소/수리/쿠팡),86760,,paid
영영1,2026,3,2026-03-01,misc_bundle,그외(청소/수리/쿠팡),53490,,paid
영영1,2026,4,2026-04-01,misc_bundle,그외(청소/수리/쿠팡),35220,,paid
영영2,2026,1,2026-01-01,landlord_rent,(고정) 월세,600000,,paid
영영2,2026,2,2026-02-01,landlord_rent,(고정) 월세,600000,,paid
영영2,2026,3,2026-03-01,landlord_rent,(고정) 월세,600000,,paid
영영2,2026,4,2026-04-01,landlord_rent,(고정) 월세,600000,,paid
영영2,2026,5,2026-05-01,landlord_rent,(고정) 월세,600000,,paid
영영2,2026,1,2026-01-01,electricity,(고정) 전기,41530,서울 01-02662361,paid
영영2,2026,2,2026-02-01,electricity,(고정) 전기,50800,서울 01-02662361,paid
영영2,2026,3,2026-03-01,electricity,(고정) 전기,45000,서울 01-02662361,paid
영영2,2026,4,2026-04-01,electricity,(고정) 전기,45000,서울 01-02662361,paid
영영2,2026,1,2026-01-01,gas,(고정) 가스 (카드완),170950,6005947171,paid
영영2,2026,2,2026-02-01,gas,(고정) 가스 (카드완),217820,6005947171,paid
영영2,2026,3,2026-03-01,gas,(고정) 가스 (카드완),259790,6005947171,paid
영영2,2026,4,2026-04-01,gas,(고정) 가스 (카드완),107720,6005947171,paid
영영2,2026,1,2026-01-01,water,(고정) 수도,40000,주인고지(2개월에 한번),paid
영영2,2026,2,2026-02-01,water,(고정) 수도,40000,주인고지(2개월에 한번),paid
영영2,2026,3,2026-03-01,water,(고정) 수도,30000,주인고지(2개월에 한번),paid
영영2,2026,4,2026-04-01,water,(고정) 수도,30000,주인고지(2개월에 한번),paid
영영2,2026,1,2026-01-01,internet,(고정) 인터넷,25000,,paid
영영2,2026,2,2026-02-01,internet,(고정) 인터넷,25000,,paid
영영2,2026,3,2026-03-01,internet,(고정) 인터넷,25000,,paid
영영2,2026,4,2026-04-01,internet,(고정) 인터넷,25000,,paid
영영2,2026,5,2026-05-01,internet,(고정) 인터넷,25000,,paid
영영2,2026,1,2026-01-01,water_purifier,(고정) 정수기,10000,현대,paid
영영2,2026,2,2026-02-01,water_purifier,(고정) 정수기,10000,현대,paid
영영2,2026,3,2026-03-01,water_purifier,(고정) 정수기,10000,현대,paid
영영2,2026,4,2026-04-01,water_purifier,(고정) 정수기,10000,현대,paid
영영2,2026,5,2026-05-01,water_purifier,(고정) 정수기,10000,현대,paid
영영2,2026,1,2026-01-01,misc_bundle,그외(청소/수리/쿠팡),82500,,paid
영영2,2026,2,2026-02-01,misc_bundle,그외(청소/수리/쿠팡),66600,,paid
영영2,2026,3,2026-03-01,misc_bundle,그외(청소/수리/쿠팡),52560,,paid
트리,2026,1,2026-01-01,landlord_rent,(고정) 월세,782000,,paid
트리,2026,2,2026-02-01,landlord_rent,(고정) 월세,782000,,paid
트리,2026,3,2026-03-01,landlord_rent,(고정) 월세,782000,,paid
트리,2026,4,2026-04-01,landlord_rent,(고정) 월세,782000,,paid
트리,2026,5,2026-05-01,landlord_rent,(고정) 월세,782000,,paid
트리,2026,1,2026-01-01,electricity,(고정) 전기 (카드),43080,01 0266 6385,paid
트리,2026,2,2026-02-01,electricity,(고정) 전기 (카드),45340,01 0266 6385,paid
트리,2026,3,2026-03-01,electricity,(고정) 전기 (카드),45000,01 0266 6385,paid
트리,2026,4,2026-04-01,electricity,(고정) 전기 (카드),45000,01 0266 6385,paid
트리,2026,1,2026-01-01,gas,(고정) 가스 (카드),169910,6006338893,paid
트리,2026,2,2026-02-01,gas,(고정) 가스 (카드),201170,6006338893,paid
트리,2026,3,2026-03-01,gas,(고정) 가스 (카드),213940,6006338893,paid
트리,2026,4,2026-04-01,gas,(고정) 가스 (카드),84780,6006338893,paid
트리,2026,1,2026-01-01,water,(고정) 수도 (고정),32000,월세포함,paid
트리,2026,2,2026-02-01,water,(고정) 수도 (고정),32000,월세포함,paid
트리,2026,3,2026-03-01,water,(고정) 수도 (고정),32000,월세포함,paid
트리,2026,4,2026-04-01,water,(고정) 수도 (고정),32000,월세포함,paid
트리,2026,5,2026-05-01,water,(고정) 수도 (고정),32000,월세포함,paid
트리,2026,1,2026-01-01,internet,(고정) 인터넷,25000,,paid
트리,2026,2,2026-02-01,internet,(고정) 인터넷,25000,,paid
트리,2026,3,2026-03-01,internet,(고정) 인터넷,25000,,paid
트리,2026,4,2026-04-01,internet,(고정) 인터넷,25000,,paid
트리,2026,5,2026-05-01,internet,(고정) 인터넷,25000,,paid
트리,2026,1,2026-01-01,water_purifier,(고정) 정수기,11000,신아,paid
트리,2026,2,2026-02-01,water_purifier,(고정) 정수기,11000,신아,paid
트리,2026,3,2026-03-01,water_purifier,(고정) 정수기,11000,신아,paid
트리,2026,4,2026-04-01,water_purifier,(고정) 정수기,11000,신아,paid
트리,2026,5,2026-05-01,water_purifier,(고정) 정수기,11000,신아,paid
트리,2026,1,2026-01-01,misc_bundle,그외(청소/수리/쿠팡),44900,,paid
트리,2026,2,2026-02-01,misc_bundle,그외(청소/수리/쿠팡),40950,,paid
트리,2026,3,2026-03-01,misc_bundle,그외(청소/수리/쿠팡),60510,,paid
트리,2026,4,2026-04-01,misc_bundle,그외(청소/수리/쿠팡),8890,,paid
당산,2026,1,2026-01-01,landlord_rent,(고정) 월세,1000000,,paid
당산,2026,2,2026-02-01,landlord_rent,(고정) 월세,1000000,,paid
당산,2026,3,2026-03-01,landlord_rent,(고정) 월세,1000000,,paid
당산,2026,4,2026-04-01,landlord_rent,(고정) 월세,1000000,,paid
당산,2026,5,2026-05-01,landlord_rent,(고정) 월세,1000000,,paid
당산,2026,1,2026-01-01,etc,(고정) 주택보험,10000,월세포함,paid
당산,2026,2,2026-02-01,etc,(고정) 주택보험,10000,월세포함,paid
당산,2026,3,2026-03-01,etc,(고정) 주택보험,10000,월세포함,paid
당산,2026,4,2026-04-01,etc,(고정) 주택보험,10000,월세포함,paid
당산,2026,5,2026-05-01,etc,(고정) 주택보험,10000,월세포함,paid
당산,2026,1,2026-01-01,electricity,(고정) 전기,30760,,paid
당산,2026,2,2026-02-01,electricity,(고정) 전기,34570,,paid
당산,2026,3,2026-03-01,electricity,(고정) 전기,35000,,paid
당산,2026,1,2026-01-01,gas,(고정) 가스,153260,,paid
당산,2026,2,2026-02-01,gas,(고정) 가스,205330,,paid
당산,2026,3,2026-03-01,gas,(고정) 가스,232700,,paid
당산,2026,1,2026-01-01,water,(고정) 수도,30000,월세포함,paid
당산,2026,2,2026-02-01,water,(고정) 수도,30000,월세포함,paid
당산,2026,3,2026-03-01,water,(고정) 수도,30000,월세포함,paid
당산,2026,4,2026-04-01,water,(고정) 수도,30000,월세포함,paid
당산,2026,1,2026-01-01,internet,(고정) 인터넷,23100,,paid
당산,2026,2,2026-02-01,internet,(고정) 인터넷,23100,,paid
당산,2026,3,2026-03-01,internet,(고정) 인터넷,23100,,paid
당산,2026,4,2026-04-01,internet,(고정) 인터넷,23100,,paid
당산,2026,5,2026-05-01,internet,(고정) 인터넷,23100,,paid
당산,2026,1,2026-01-01,water_purifier,(고정) 정수기,11000,신아,paid
당산,2026,2,2026-02-01,water_purifier,(고정) 정수기,11000,신아,paid
당산,2026,3,2026-03-01,water_purifier,(고정) 정수기,11000,신아,paid
당산,2026,4,2026-04-01,water_purifier,(고정) 정수기,11000,신아,paid
당산,2026,5,2026-05-01,water_purifier,(고정) 정수기,11000,신아,paid
당산,2026,1,2026-01-01,misc_bundle,그외(청소/수리/쿠팡),89860,,paid
당산,2026,2,2026-02-01,misc_bundle,그외(청소/수리/쿠팡),51000,,paid
당산,2026,3,2026-03-01,misc_bundle,그외(청소/수리/쿠팡),88980,,paid
당산,2026,4,2026-04-01,misc_bundle,그외(청소/수리/쿠팡),2450,,paid
숙녀,2026,1,2026-01-01,landlord_rent,(고정) 월세,910000,,paid
숙녀,2026,2,2026-02-01,landlord_rent,(고정) 월세,910000,,paid
숙녀,2026,3,2026-03-01,landlord_rent,(고정) 월세,910000,,paid
숙녀,2026,4,2026-04-01,landlord_rent,(고정) 월세,910000,,paid
숙녀,2026,5,2026-05-01,landlord_rent,(고정) 월세,910000,,paid
숙녀,2026,1,2026-01-01,electricity,(고정) 전기,69360,한전 01-0254-0733,paid
숙녀,2026,2,2026-02-01,electricity,(고정) 전기,80000,한전 01-0254-0733,paid
숙녀,2026,3,2026-03-01,electricity,(고정) 전기,30620,한전 01-0254-0733,paid
숙녀,2026,1,2026-01-01,gas,(고정) 가스,273950,6006107723,paid
숙녀,2026,2,2026-02-01,gas,(고정) 가스,405130,6006107723,paid
숙녀,2026,3,2026-03-01,gas,(고정) 가스,312940,6006107723,paid
숙녀,2026,4,2026-04-01,gas,(고정) 가스,198430,6006107723,paid
숙녀,2026,1,2026-01-01,water,(고정) 수도,52490,아리수 026523548,paid
숙녀,2026,3,2026-03-01,water,(고정) 수도,46910,아리수 026523548,paid
숙녀,2026,1,2026-01-01,internet,(고정) 인터넷,22000,,paid
숙녀,2026,2,2026-02-01,internet,(고정) 인터넷,22000,,paid
숙녀,2026,3,2026-03-01,internet,(고정) 인터넷,22000,,paid
숙녀,2026,4,2026-04-01,internet,(고정) 인터넷,22000,,paid
숙녀,2026,5,2026-05-01,internet,(고정) 인터넷,22000,,paid
숙녀,2026,1,2026-01-01,misc_bundle,그외(청소/수리/쿠팡),90590,,paid
숙녀,2026,2,2026-02-01,misc_bundle,그외(청소/수리/쿠팡),142750,,paid
숙녀,2026,3,2026-03-01,misc_bundle,그외(청소/수리/쿠팡),114590,,paid
숙녀,2026,4,2026-04-01,misc_bundle,그외(청소/수리/쿠팡),68940,,paid
동지,2026,1,2026-01-01,landlord_rent,(고정) 월세,1000000,,paid
동지,2026,2,2026-02-01,landlord_rent,(고정) 월세,1000000,,paid
동지,2026,3,2026-03-01,landlord_rent,(고정) 월세,1000000,,paid
동지,2026,4,2026-04-01,landlord_rent,(고정) 월세,1000000,,paid
동지,2026,5,2026-05-01,landlord_rent,(고정) 월세,1000000,,paid
동지,2026,1,2026-01-01,electricity,(고정) 전기,25330,01 1880 1859,paid
동지,2026,2,2026-02-01,electricity,(고정) 전기,33030,01 1880 1859,paid
동지,2026,1,2026-01-01,gas,(고정) 가스,127160,예스코 1017550029,paid
동지,2026,2,2026-02-01,gas,(고정) 가스,227390,예스코 1017550029,paid
동지,2026,3,2026-03-01,gas,(고정) 가스,163970,예스코 1017550029,paid
동지,2026,4,2026-04-01,gas,(고정) 가스,96480,예스코 1017550029,paid
동지,2026,1,2026-01-01,water,(고정) 수도,40000,고객번호 031326502,paid
동지,2026,2,2026-02-01,water,(고정) 수도,40000,고객번호 031326502,paid
동지,2026,1,2026-01-01,internet,(고정) 인터넷,25000,,paid
동지,2026,2,2026-02-01,internet,(고정) 인터넷,25000,,paid
동지,2026,3,2026-03-01,internet,(고정) 인터넷,25000,,paid
동지,2026,4,2026-04-01,internet,(고정) 인터넷,25000,,paid
동지,2026,5,2026-05-01,internet,(고정) 인터넷,25000,,paid
동지,2026,1,2026-01-01,water_purifier,(고정) 정수기,11000,신아,paid
동지,2026,2,2026-02-01,water_purifier,(고정) 정수기,11000,신아,paid
동지,2026,3,2026-03-01,water_purifier,(고정) 정수기,11000,신아,paid
동지,2026,4,2026-04-01,water_purifier,(고정) 정수기,11000,신아,paid
동지,2026,5,2026-05-01,water_purifier,(고정) 정수기,11000,신아,paid
동지,2026,1,2026-01-01,misc_bundle,그외(청소/수리/쿠팡),115050,,paid
동지,2026,2,2026-02-01,misc_bundle,그외(청소/수리/쿠팡),42000,,paid
동지,2026,3,2026-03-01,misc_bundle,그외(청소/수리/쿠팡),68240,,paid
동지,2026,4,2026-04-01,misc_bundle,그외(청소/수리/쿠팡),10780,,paid
동일,2026,1,2026-01-01,landlord_rent,(고정) 월세,1000000,,paid
동일,2026,2,2026-02-01,landlord_rent,(고정) 월세,1000000,,paid
동일,2026,3,2026-03-01,landlord_rent,(고정) 월세,1000000,,paid
동일,2026,4,2026-04-01,landlord_rent,(고정) 월세,1000000,,paid
동일,2026,5,2026-05-01,landlord_rent,(고정) 월세,1000000,,paid
동일,2026,1,2026-01-01,electricity,(고정) 전기,37670,01 1880 1831,paid
동일,2026,2,2026-02-01,electricity,(고정) 전기,33280,01 1880 1831,paid
동일,2026,3,2026-03-01,electricity,(고정) 전기,40000,01 1880 1831,paid
동일,2026,1,2026-01-01,gas,(고정) 가스,256060,예스코 1017549973,paid
동일,2026,2,2026-02-01,gas,(고정) 가스,260720,예스코 1017549973,paid
동일,2026,3,2026-03-01,gas,(고정) 가스,169180,예스코 1017549973,paid
동일,2026,4,2026-04-01,gas,(고정) 가스,126790,예스코 1017549973,paid
동일,2026,1,2026-01-01,water,(고정) 수도,40000,고객번호 031326613,paid
동일,2026,2,2026-02-01,water,(고정) 수도,40000,고객번호 031326613,paid
동일,2026,3,2026-03-01,water,(고정) 수도,40000,고객번호 031326613,paid
동일,2026,4,2026-04-01,water,(고정) 수도,40000,고객번호 031326613,paid
동일,2026,5,2026-05-01,water,(고정) 수도,40000,고객번호 031326613,paid
동일,2026,1,2026-01-01,internet,(고정) 인터넷,25000,,paid
동일,2026,2,2026-02-01,internet,(고정) 인터넷,25000,,paid
동일,2026,3,2026-03-01,internet,(고정) 인터넷,25000,,paid
동일,2026,4,2026-04-01,internet,(고정) 인터넷,25000,,paid
동일,2026,5,2026-05-01,internet,(고정) 인터넷,25000,,paid
동일,2026,1,2026-01-01,water_purifier,(고정) 정수기,11000,,paid
동일,2026,2,2026-02-01,water_purifier,(고정) 정수기,11000,,paid
동일,2026,3,2026-03-01,water_purifier,(고정) 정수기,11000,,paid
동일,2026,4,2026-04-01,water_purifier,(고정) 정수기,11000,,paid
동일,2026,5,2026-05-01,water_purifier,(고정) 정수기,11000,,paid
동일,2026,1,2026-01-01,misc_bundle,그외(청소/수리/쿠팡),173900,,paid
동일,2026,2,2026-02-01,misc_bundle,그외(청소/수리/쿠팡),106930,,paid
동일,2026,3,2026-03-01,misc_bundle,그외(청소/수리/쿠팡),40000,,paid
동일,2026,4,2026-04-01,misc_bundle,그외(청소/수리/쿠팡),15800,,paid
동이,2026,1,2026-01-01,landlord_rent,(고정) 월세,1000000,,paid
동이,2026,2,2026-02-01,landlord_rent,(고정) 월세,1000000,,paid
동이,2026,3,2026-03-01,landlord_rent,(고정) 월세,1000000,,paid
동이,2026,4,2026-04-01,landlord_rent,(고정) 월세,1000000,,paid
동이,2026,5,2026-05-01,landlord_rent,(고정) 월세,1000000,,paid
동이,2026,1,2026-01-01,electricity,(고정) 전기,26840,01 1880 1813,paid
동이,2026,2,2026-02-01,electricity,(고정) 전기,23370,01 1880 1813,paid
동이,2026,1,2026-01-01,gas,(고정) 가스,146910,예스코 1017549972,paid
동이,2026,2,2026-02-01,gas,(고정) 가스,153440,예스코 1017549972,paid
동이,2026,3,2026-03-01,gas,(고정) 가스,122280,예스코 1017549972,paid
동이,2026,4,2026-04-01,gas,(고정) 가스,96480,예스코 1017549972,paid
동이,2026,1,2026-01-01,water,(고정) 수도,40000,고객번호 031326695,paid
동이,2026,2,2026-02-01,water,(고정) 수도,40000,고객번호 031326695,paid
동이,2026,1,2026-01-01,internet,(고정) 인터넷,25000,,paid
동이,2026,2,2026-02-01,internet,(고정) 인터넷,25000,,paid
동이,2026,3,2026-03-01,internet,(고정) 인터넷,25000,,paid
동이,2026,4,2026-04-01,internet,(고정) 인터넷,25000,,paid
동이,2026,5,2026-05-01,internet,(고정) 인터넷,25000,,paid
동이,2026,1,2026-01-01,water_purifier,(고정) 정수기,11000,,paid
동이,2026,2,2026-02-01,water_purifier,(고정) 정수기,11000,,paid
동이,2026,3,2026-03-01,water_purifier,(고정) 정수기,11000,,paid
동이,2026,4,2026-04-01,water_purifier,(고정) 정수기,11000,,paid
동이,2026,5,2026-05-01,water_purifier,(고정) 정수기,11000,,paid
동이,2026,1,2026-01-01,misc_bundle,그외(청소/수리/쿠팡),70000,,paid
동이,2026,2,2026-02-01,misc_bundle,그외(청소/수리/쿠팡),57900,,paid
동이,2026,3,2026-03-01,misc_bundle,그외(청소/수리/쿠팡),40000,,paid
동삼,2026,1,2026-01-01,landlord_rent,(고정) 월세,1000000,,paid
동삼,2026,2,2026-02-01,landlord_rent,(고정) 월세,1000000,,paid
동삼,2026,3,2026-03-01,landlord_rent,(고정) 월세,1000000,,paid
동삼,2026,4,2026-04-01,landlord_rent,(고정) 월세,1000000,,paid
동삼,2026,5,2026-05-01,landlord_rent,(고정) 월세,1000000,,paid
동삼,2026,1,2026-01-01,electricity,(고정) 전기,36120,01 1880 1797,paid
동삼,2026,2,2026-02-01,electricity,(고정) 전기,26990,01 1880 1797,paid
동삼,2026,3,2026-03-01,electricity,(고정) 전기,35000,01 1880 1797,paid
동삼,2026,1,2026-01-01,gas,(고정) 가스,278930,예스코 1017550028,paid
동삼,2026,2,2026-02-01,gas,(고정) 가스,235720,예스코 1017550028,paid
동삼,2026,3,2026-03-01,gas,(고정) 가스,232760,예스코 1017550028,paid
동삼,2026,4,2026-04-01,gas,(고정) 가스,196810,예스코 1017550028,paid
동삼,2026,1,2026-01-01,water,(고정) 수도,40000,고객번호 031326734,paid
동삼,2026,2,2026-02-01,water,(고정) 수도,40000,고객번호 031326734,paid
동삼,2026,3,2026-03-01,water,(고정) 수도,40000,고객번호 031326734,paid
동삼,2026,1,2026-01-01,internet,(고정) 인터넷,25000,,paid
동삼,2026,2,2026-02-01,internet,(고정) 인터넷,25000,,paid
동삼,2026,3,2026-03-01,internet,(고정) 인터넷,25000,,paid
동삼,2026,4,2026-04-01,internet,(고정) 인터넷,25000,,paid
동삼,2026,5,2026-05-01,internet,(고정) 인터넷,25000,,paid
동삼,2026,1,2026-01-01,water_purifier,(고정) 정수기,11000,,paid
동삼,2026,2,2026-02-01,water_purifier,(고정) 정수기,11000,,paid
동삼,2026,3,2026-03-01,water_purifier,(고정) 정수기,11000,,paid
동삼,2026,4,2026-04-01,water_purifier,(고정) 정수기,11000,,paid
동삼,2026,5,2026-05-01,water_purifier,(고정) 정수기,11000,,paid
동삼,2026,1,2026-01-01,misc_bundle,그외(청소/수리/쿠팡),83630,,paid
동삼,2026,2,2026-02-01,misc_bundle,그외(청소/수리/쿠팡),154830,,paid
동삼,2026,3,2026-03-01,misc_bundle,그외(청소/수리/쿠팡),104900,,paid
동삼,2026,4,2026-04-01,misc_bundle,그외(청소/수리/쿠팡),2340,,paid
동동,2026,1,2026-01-01,landlord_rent,(고정) 월세,1000000,,paid
동동,2026,2,2026-02-01,landlord_rent,(고정) 월세,1000000,,paid
동동,2026,3,2026-03-01,landlord_rent,(고정) 월세,1000000,,paid
동동,2026,4,2026-04-01,landlord_rent,(고정) 월세,1000000,,paid
동동,2026,5,2026-05-01,landlord_rent,(고정) 월세,1000000,,paid
동동,2026,1,2026-01-01,electricity,(고정) 전기,25940,01 5817 5773,paid
동동,2026,2,2026-02-01,electricity,(고정) 전기,21410,01 5817 5773,paid
동동,2026,1,2026-01-01,gas,(고정) 가스,297640,예스코 1017548878,paid
동동,2026,2,2026-02-01,gas,(고정) 가스,272160,예스코 1017548878,paid
동동,2026,3,2026-03-01,gas,(고정) 가스,166060,예스코 1017548878,paid
동동,2026,4,2026-04-01,gas,(고정) 가스,82870,예스코 1017548878,paid
동동,2026,1,2026-01-01,water,(고정) 수도,40000,월세포함,paid
동동,2026,2,2026-02-01,water,(고정) 수도,40000,월세포함,paid
동동,2026,1,2026-01-01,internet,(고정) 인터넷,25000,,paid
동동,2026,2,2026-02-01,internet,(고정) 인터넷,25000,,paid
동동,2026,3,2026-03-01,internet,(고정) 인터넷,25000,,paid
동동,2026,4,2026-04-01,internet,(고정) 인터넷,25000,,paid
동동,2026,5,2026-05-01,internet,(고정) 인터넷,25000,,paid
동동,2026,1,2026-01-01,water_purifier,(고정) 정수기,10000,,paid
동동,2026,2,2026-02-01,water_purifier,(고정) 정수기,10000,,paid
동동,2026,3,2026-03-01,water_purifier,(고정) 정수기,10000,,paid
동동,2026,4,2026-04-01,water_purifier,(고정) 정수기,10000,,paid
동동,2026,5,2026-05-01,water_purifier,(고정) 정수기,10000,,paid
동동,2026,1,2026-01-01,misc_bundle,그외(청소/수리/쿠팡),86930,,paid
동동,2026,2,2026-02-01,misc_bundle,그외(청소/수리/쿠팡),10340,,paid
동동,2026,3,2026-03-01,misc_bundle,그외(청소/수리/쿠팡),165190,,paid
